<metadata><idinfo><citation><citeinfo><origin>James A. Falcone</origin><pubdate>2017</pubdate><title>Basin Identification: U.S. Geological Survey GAGES-II time series data update</title><geoform>Comma-separated text file</geoform><onlink>https://doi.org/10.5066/F7HQ3XS4</onlink></citeinfo></citation><descript><abstract>This dataset consists of a table with watershed identification information for the 9,067 conterminous United States sites of the U.S. Geological Survey (USGS) Geospatial Attributes of Gages for Evaluating Streamflow II (GAGES-II) dataset.  The data are a copy of basin identification fields already published in GAGES-II and provide no new information, but are provided here as a convenience.</abstract><purpose>These data are intended as support for research efforts using the USGS GAGES-II sites.</purpose><supplinf>This dataset is in support of study sites in the GAGES-II dataset (Falcone, 2011) and based on the watershed boundaries published there.
References:
Falcone, J.A., 2011, GAGES-II:  Geospatial Attributes of Gages for Evaluating Streamflow, U.S. Geological Survey digital spatial data set, http://water.usgs.gov/GIS/metadata/usgswrd/XML/gagesII_Sept2011.xml.
Lins, H.F., 2012, USGS Hydro-Climatic Data Network 2009 (HCDN-2009), U.S. Geological Survey Fact Sheet 2012-3047, https://pubs.usgs.gov/fs/2012/3047/.</supplinf></descript><timeperd><timeinfo><rngdates><begdate>20110101</begdate><enddate>20111231</enddate></rngdates></timeinfo><current>observed</current></timeperd><status><progress>Complete</progress><update>As needed</update></status><spdom><bounding><westbc>-124.732770</westbc><eastbc>-66.969271</eastbc><northbc>49.371730</northbc><southbc>24.956376</southbc></bounding></spdom><keywords><theme><themekt>None</themekt><themekey>inlandWaters</themekey><themekey>GAGES-II</themekey></theme><place><placekt>None</placekt><placekey>United States</placekey><placekey>Conterminous U.S.</placekey></place></keywords><accconst>None. Please see 'Distribution Info' for details.</accconst><useconst>None.</useconst><ptcontac><cntinfo><cntorgp><cntorg>US Geological Survey</cntorg><cntper>James Falcone</cntper></cntorgp><cntaddr><addrtype>Mailing</addrtype><address>12201 Sunrise Valley Dr.</address><address>MS 413 National Center</address><city>Reston</city><state>VA</state><postal>20192</postal><country>USA</country></cntaddr><cntvoice>703-648-5008</cntvoice><cntemail>jfalcone@usgs.gov</cntemail></cntinfo></ptcontac><native>Environment as of Metadata Creation: Microsoft Windows 7 Version 6.1 (Build 7601) Service Pack 1; Esri ArcGIS 10.3.1 (Build 4959) Service Pack N/A (Build N/A)</native></idinfo><dataqual><attracc><attraccr>Values were spot checked against source data.</attraccr></attracc><logic>No formal logical accuracy tests were conducted.</logic><complete>Data are complete</complete><posacc><horizpa><horizpar>A formal accuracy assessment of the horizontal positional information in the data set has not been conducted.</horizpar></horizpa><vertacc><vertaccr>A formal accuracy assessment of the vertical positional information in the data set has either not been conducted, or is not applicable.</vertaccr></vertacc></posacc><lineage><srcinfo><srccite><citeinfo><origin>James A. Falcone</origin><pubdate>20111012</pubdate><title>GAGES-II: Geospatial Attributes of Gages for Evaluating Streamflow</title><geoform>Digital Data Set</geoform><pubinfo><pubplace>online</pubplace><publish>U.S. Geological Survey</publish></pubinfo><onlink>https://water.usgs.gov/GIS/metadata/usgswrd/XML/gagesII_Sept2011.xml</onlink></citeinfo></srccite><typesrc>Digital and/or Hardcopy Resources</typesrc><srctime><timeinfo><sngdate><caldate>20111012</caldate></sngdate></timeinfo><srccurr>publication date</srccurr></srctime><srccitea>Falcone, 2011</srccitea><srccontr>Sites for which these data provide updated data.</srccontr></srcinfo><procstep><procdesc>Site information in this table is taken directly from the published GAGES-II dataset (Falcone, 2011) at https://water.usgs.gov/GIS/metadata/usgswrd/XML/gagesII_Sept2011.xml.</procdesc><procdate>20150601</procdate></procstep></lineage></dataqual><eainfo><detailed Name="BasinID.txt"><enttyp><enttypl>Attribute Table for basic basin identification information, BasinID.txt</enttypl><enttypd>Data consist of a comma-separated text file, which contains data for basin identification.</enttypd><enttypds>U.S. Geological Survey</enttypds></enttyp><attr><attrlabl>STAID</attrlabl><attrdef>Unique station identification number</attrdef><attrdefs>Corresponds to unique station identifier in GAGES-II</attrdefs><attrdomv><udom>Unique identifier for site</udom></attrdomv></attr><attr><attrlabl>STANAME</attrlabl><attrdef>Station name: a text description of the location of the site.</attrdef><attrdefs>U.S. Geological Survey</attrdefs><attrdomv><udom>Site name</udom></attrdomv></attr><attr><attrlabl>DRAIN_SQKM</attrlabl><attrdef>Watershed area in square kilometers</attrdef><attrdefs>U.S. Geological Survey</attrdefs><attrdomv><rdom><rdommin>0.2</rdommin><rdommax>49802.3</rdommax><attrunit>Square kilometers</attrunit></rdom></attrdomv></attr><attr><attrlabl>LAT_GAGE</attrlabl><attrdef>Gage latitude in decimal degrees, datum NAD83</attrdef><attrdefs>U.S. Geological Survey</attrdefs><attrdomv><rdom><rdommin>26.335639</rdommin><rdommax>48.970820</rdommax><attrunit>Decimal degrees</attrunit></rdom></attrdomv></attr><attr><attrlabl>LNG_GAGE</attrlabl><attrdef>Gage longitude in decimal degrees, datum NAD83</attrdef><attrdefs>U.S. Geological Survey</attrdefs><attrdomv><rdom><rdommin>-124.392987</rdommin><rdommax>-67.247619</rdommax><attrunit>Decimal degrees</attrunit></rdom></attrdomv></attr><attr><attrlabl>STATE</attrlabl><attrdef>State code at gage location</attrdef><attrdefs>U.S. Geological Survey</attrdefs><attrdomv><udom>Two character state code</udom></attrdomv></attr><attr><attrlabl>HCDN-2009</attrlabl><attrdef>Flag if a Hydro-Climatic Data Network (HCDN) HCDN-2009 site (Lins, 2012)</attrdef><attrdefs>U.S. Geological Survey</attrdefs><attrdomv><udom>Yes (an HCDN-2009 site) or blank (not an HCDN-2009 site).</udom></attrdomv></attr><attr><attrlabl>CLASS</attrlabl><attrdef>GAGES-II reference or non-reference classification</attrdef><attrdefs>U.S. Geological Survey</attrdefs><attrdomv><udom>Ref (a reference site) or Non-ref (not a reference site)</udom></attrdomv></attr><attr><attrlabl>AGGECOREGION</attrlabl><attrdef>GAGES-II aggregated ecoregion code</attrdef><attrdefs>U.S. Geological Survey</attrdefs><attrdomv><udom>Aggregated ecoregion designation as given in GAGES-II</udom></attrdomv></attr></detailed></eainfo><distinfo><distrib><cntinfo><cntorgp><cntorg>US Geological Survey - ScienceBase</cntorg></cntorgp><cntaddr><addrtype>Mailing</addrtype><address>Denver Federal Center, Building 810, Mail Stop 302</address><city>Denver</city><state>CO</state><postal>80225</postal><country>USA</country></cntaddr><cntvoice>1-888-275-8747 (1-888-ASK-USGS)</cntvoice><cntemail>sciencebase@usgs.gov</cntemail></cntinfo></distrib><distliab>Although this data set has been used by the U.S. Geological
Survey, U.S. Department of the Interior, no warranty expressed or
implied is made by the U.S. Geological Survey as to the accuracy
of the data and related materials. The act of distribution shall not 
constitute any such warranty, and no responsibility is assumed by 
the U.S. Geological Survey in the use of this data, software, or 
related materials.
Any use of trade, product, or firm names is for descriptive 
purposes only and does not imply endorsement by the U.S. 
Government.</distliab><stdorder><digform><digtinfo><formname>Tabular Digital Data Set</formname></digtinfo><digtopt><onlinopt><computer><networka><networkr>https://doi.org/10.5066/F7HQ3XS4</networkr></networka></computer></onlinopt></digtopt></digform><fees>None. This dataset is provided by USGS as a public service.</fees></stdorder></distinfo><metainfo><metd>20170915</metd><metc><cntinfo><cntperp><cntper>James Falcone</cntper><cntorg>U.S. Geological Survey</cntorg></cntperp><cntpos>Ask USGS -- Water Webserver Team</cntpos><cntaddr><addrtype>Mailing</addrtype><address>12201 Sunrise Valley Dr., MS 413</address><city>Reston</city><state>VA</state><postal>20192</postal><country>USA</country></cntaddr><cntvoice>1-888-275-8747 (1-888-ASK-USGS)</cntvoice><cntemail>https://answers.usgs.gov/</cntemail></cntinfo></metc><metstdn>FGDC Content Standard for Digital Geospatial Metadata</metstdn><metstdv>FGDC-STD-001-1998</metstdv></metainfo></metadata>