<metadata><idinfo><citation><citeinfo><origin>James A. Falcone</origin><pubdate>2017</pubdate><title>Land Use: U.S. Geological Survey GAGES-II time series data update</title><geoform>Comma-separated text file</geoform><onlink>https://doi.org/10.5066/F7HQ3XS4</onlink></citeinfo></citation><descript><abstract>This dataset consists of eight tables with information regarding land cover/use for the conterminous United States sites of the U.S. Geological Survey (USGS) Geospatial Attributes of Gages for Evaluating Streamflow II (GAGES-II) dataset.   The data include land use variables from two different data sources: from the National Land Cover Dataset (NLCD) for 2001-2011 (every five years) and from the NAWQA Wall-to-wall Anthropogenic Landuse Trends (NWALT) dataset for 1974-2012 (every ten years).</abstract><purpose>These data are intended as support for research efforts using the USGS GAGES-II sites.</purpose><supplinf>This dataset is in support of study sites in the GAGES-II dataset (Falcone, 2011) and based on the watershed boundaries published there. 
Information is provided from two separate sources which might have different uses depending on the research goal. The information in the NLCD as compared to the NWALT is similar in some ways, and differs in other ways.  The NLCD has a mix of land use information (how humans use the land), and land cover conditions.  The NWALT is more strictly a land use dataset, and for example, classifies urban lands by how they are used (residential, commercial, industrial, and so on), and has additional information about agricultural and mining uses. It omits however land cover information, for example, does not include "forest" or "shrubland" as classes.  There are both potentially useful for different applications.
The calculations from the NWALT given here are from the "Enhanced Grazing Potential" version of the NWALT (Falcone, 2016), which is a slight addition to the original published version (Falcone, 2015).  The sole difference between the two versions is the addition of a further Grazing Potential class (class 46) to the 2016 dataset, and are otherwise identical.  The complete description of the NWALT classes is given in Falcone, 2015.
Class 42 of the NWALT is a placeholder for future use, and is intentionally not populated.
All NLCD data are derived from the October 2014 harmonized versions of the NLCD 2001, 2006, 2011 (mrlc.gov).  The stated USGS preferred citations for NLCD products are: 
NLCD 2001 products: Homer and others, 2007.
NLCD 2006 products: Fry and others, 2011
NLCD 2011 products: Homer and others, 2015.
References:
Falcone, J.A., 2011, GAGES-II:  Geospatial Attributes of Gages for Evaluating Streamflow, U.S. Geological Survey digital spatial data set, http://water.usgs.gov/GIS/metadata/usgswrd/XML/gagesII_Sept2011.xml.
Falcone, J.A., 2015, U.S. conterminous wall-to-wall anthropogenic land use trends (NWALT), 1974-2012. U.S. Geological Survey Data Series 948, 33 p. plus appendices 3-6 as separate files, http://dx.doi.org/10.3133/ds948.
Falcone, J.A., 2016, Mapping enhanced grazing potential based on the NAWQA Wall-to-wall Anthropogenic Land-use Trends (NWALT) product, 1974-2012: U.S. Geological Survey data release, http://dx.doi.org/10.5066/F7CR5RFF. 
Fry, J., Xian, G., Jin, S., Dewitz, J., Homer, C., Yang, L., Barnes, C., Herold, N., and Wickham, J., 2011, Completion of the 2006 National Land Cover Database for the Conterminous United States, Photogrammetric Engineering and Remote Sensing, Vol. 77(9):858-864. 
Homer, C., Dewitz, J., Fry, J., Coan, M., Hossain, N., Larson, C., Herold, N., McKerrow, A., VanDriel, J.N., and Wickham, J., 2007, Completion of the 2001 National Land Cover Database for the Conterminous United States, Photogrammetric Engineering and Remote Sensing, Vol. 73, No. 4, pp 337-341. 
Homer, C.G., Dewitz, J.A., Yang, L., Jin, S., Danielson, P., Xian, G., Coulston, J., Herold, N.D., Wickham, J.D., and Megown, K., 2015, Completion of the 2011 National Land Cover Database for the conterminous United States-Representing a decade of land cover change information. Photogrammetric Engineering and Remote Sensing, v. 81, no. 5, p. 345-354.</supplinf></descript><timeperd><timeinfo><rngdates><begdate>20010101</begdate><enddate>20121231</enddate></rngdates></timeinfo><current>observed</current></timeperd><status><progress>Complete</progress><update>As needed</update></status><spdom><bounding><westbc>-124.732770</westbc><eastbc>-66.969271</eastbc><northbc>49.371730</northbc><southbc>24.956376</southbc></bounding></spdom><keywords><theme><themekt>None</themekt><themekey>inlandWaters</themekey><themekey>GAGES-II</themekey><themekey>Land use</themekey><themekey>Land cover</themekey></theme><place><placekt>None</placekt><placekey>United States</placekey><placekey>Conterminous United States</placekey></place></keywords><accconst>None. Please see 'Distribution Info' for details.</accconst><useconst>None.</useconst><ptcontac><cntinfo><cntorgp><cntorg>U.S. Geological Survey</cntorg><cntper>James Falcone</cntper></cntorgp><cntaddr><addrtype>Mailing</addrtype><address>12201 Sunrise Valley Dr.</address><address>MS 413 National Center</address><city>Reston</city><state>VA</state><postal>20192</postal><country>USA</country></cntaddr><cntvoice>703-648-5008</cntvoice><cntemail>jfalcone@usgs.gov</cntemail></cntinfo></ptcontac><native>Environment as of Metadata Creation: Microsoft Windows 7 Version 6.1 (Build 7601) Service Pack 1; Esri ArcGIS 10.3.1 (Build 4959) Service Pack N/A (Build N/A)</native></idinfo><dataqual><attracc><attraccr>Values were spot checked against source data.</attraccr></attracc><logic>No formal logical accuracy tests were conducted.</logic><complete>Data are complete</complete><posacc><horizpa><horizpar>A formal accuracy assessment of the horizontal positional information in the data set has not been conducted.</horizpar></horizpa><vertacc><vertaccr>A formal accuracy assessment of the vertical positional information in the data set has either not been conducted, or is not applicable.</vertaccr></vertacc></posacc><lineage><srcinfo><srccite><citeinfo><origin>James A. Falcone</origin><pubdate>20111012</pubdate><title>GAGES-II: Geospatial Attributes of Gages for Evaluating Streamflow</title><geoform>Digital Data Set</geoform><pubinfo><pubplace>online</pubplace><publish>U.S. Geological Survey</publish></pubinfo><onlink>https://water.usgs.gov/GIS/metadata/usgswrd/XML/gagesII_Sept2011.xml</onlink></citeinfo></srccite><typesrc>Digital and/or Hardcopy Resources</typesrc><srctime><timeinfo><sngdate><caldate>20111012</caldate></sngdate></timeinfo><srccurr>publication date</srccurr></srctime><srccitea>Falcone, 2011</srccitea><srccontr>Sites for which these data provide updated data.</srccontr></srcinfo><srcinfo><srccite><citeinfo><origin>MRLC Consortium</origin><pubdate>20141001</pubdate><title>NLCD 2001 Land Cover (2011 Edition)</title><geoform>Raster Data Set</geoform><pubinfo><pubplace>online</pubplace><publish>NLCD 2001</publish></pubinfo><onlink>https://www.mrlc.gov/nlcd01_data.php</onlink></citeinfo></srccite><typesrc>Digital and/or Hardcopy Resources</typesrc><srctime><timeinfo><rngdates><begdate>20010101</begdate><enddate>20011231</enddate></rngdates></timeinfo><srccurr>ground condition</srccurr></srctime><srccitea>NLCD 2001, Homer and others, 2007</srccitea><srccontr>NLCD 2001 dataset from which 2001 land cover/use was derived</srccontr></srcinfo><srcinfo><srccite><citeinfo><origin>MRLC Consortium</origin><pubdate>20141001</pubdate><title>NLCD 2006 Land Cover (2011 Edition)</title><geoform>Raster Data Set</geoform><pubinfo><pubplace>online</pubplace><publish>NLCD 2006</publish></pubinfo><onlink>https://www.mrlc.gov/nlcd06_data.php</onlink></citeinfo></srccite><typesrc>Digital and/or Hardcopy Resources</typesrc><srctime><timeinfo><rngdates><begdate>20060101</begdate><enddate>20061231</enddate></rngdates></timeinfo><srccurr>ground condition</srccurr></srctime><srccitea>NLCD 2006, Fry and others, 2011</srccitea><srccontr>NLCD 2006 dataset from which 2006 land cover/use was derived</srccontr></srcinfo><srcinfo><srccite><citeinfo><origin>MRLC Consortium</origin><pubdate>20141001</pubdate><title>NLCD 2011 Land Cover</title><geoform>Raster Data Set</geoform><pubinfo><pubplace>online</pubplace><publish>NLCD 2011</publish></pubinfo><onlink>https://www.mrlc.gov/nlcd11_data.php</onlink></citeinfo></srccite><typesrc>Digital and/or Hardcopy Resources</typesrc><srctime><timeinfo><rngdates><begdate>20110101</begdate><enddate>20111231</enddate></rngdates></timeinfo><srccurr>ground condition</srccurr></srctime><srccitea>NLCD 2011, Homer and others, 2015</srccitea><srccontr>NLCD 2011 dataset from which 2011 land cover/use was derived</srccontr></srcinfo><srcinfo><srccite><citeinfo><origin>U.S. Geological Survey</origin><pubdate>20160803</pubdate><title>Mapping enhanced grazing potential based on the NAWQA Wall-to-wall Anthropogenic Landuse Trends (NWALT) product, 1974-2012</title><geoform>Raster Data Set</geoform><pubinfo><pubplace>online</pubplace><publish>U.S. Geological Survey</publish></pubinfo><onlink>http://dx.doi.org/10.5066/F7CR5RFF</onlink></citeinfo></srccite><typesrc>Digital and/or Hardcopy Resources</typesrc><srctime><timeinfo><rngdates><begdate>19740101</begdate><enddate>20121231</enddate></rngdates></timeinfo><srccurr>ground condition</srccurr></srctime><srccitea>NAWQA Wall-to-wall Anthropogenic Landuse Trends (NWALT) 1974-2012</srccitea><srccontr>Source dataset from which land use for 1974-2012 were derived</srccontr></srcinfo><procstep><procdesc>(1) Source data for the NLCD were downloaded (https://www.mrlc.gov/) and converted to grid format in March 2015.  The source data for the NLCD are the October 2014 normalized version of data, where all years have been adjusted to agree with one another.</procdesc><procdate>20160315</procdate></procstep><procstep><procdesc>(2) Source data for the NWALT from Falcone, 2016.  See Falcone, 2015 for most complete description of product.</procdesc><procdate>20161214</procdate></procstep><procstep><procdesc>(3) Category percentages were calculated from these sources.</procdesc><procdate>20161215</procdate></procstep></lineage></dataqual><eainfo><detailed Name="LandUse_NLCD_2001.txt, LandUse_NLCD_2006.txt, LandUse_NLCD_2011.txt, LandUse_NWALT_1974.txt, LandUse_NWALT_1982.txt, LandUse_NWALT_1992.txt, LandUse_NWALT_2002.txt, LandUse_NWALT_2012.txt"><enttyp><enttypl>Attribute Table for land use information, tables LandUse_NLCD_2001.txt, LandUse_NLCD_2006.txt, LandUse_NLCD_2011.txt, LandUse_NWALT_1974.txt, LandUse_NWALT_1982.txt, LandUse_NWALT_1992.txt, LandUse_NWALT_2002.txt, LandUse_NWALT_2012.txt</enttypl><enttypd>Data consist of eight comma-separated text files, three for NLCD (2001, 2006, 2011), and five for NWALT (1974, 1982, 1992, 2002, 2012)</enttypd><enttypds>U.S. Geological Survey</enttypds></enttyp><attr><attrlabl>STAID</attrlabl><attrdef>Unique station identification number</attrdef><attrdefs>Corresponds to unique station identifier in GAGES-II</attrdefs><attrdomv><udom>Unique identifier for site</udom></attrdomv></attr><attr><attrlabl>NLCDXX_DEV_SUM</attrlabl><attrdef>Percent watershed "Developed" sum (classes 21-24), for 2001, 2006, or 2011 (year represented by XX)</attrdef><attrdefs>Homer and others (2007), Fry and others (2011), Homer and others (2015)</attrdefs><attrdomv><rdom><rdommin>0.00</rdommin><rdommax>100.00</rdommax><attrunit>Percent</attrunit></rdom></attrdomv></attr><attr><attrlabl>NLCDXX_AG_SUM</attrlabl><attrdef>Percent watershed "Agriculture" sum (classes 81-82), for 2001, 2006, or 2011 (year represented by XX)</attrdef><attrdefs>Homer and others (2007), Fry and others (2011), Homer and others (2015)</attrdefs><attrdomv><rdom><rdommin>0.00</rdommin><rdommax>95.96</rdommax><attrunit>Percent</attrunit></rdom></attrdomv></attr><attr><attrlabl>NLCDXX_11</attrlabl><attrdef>Percent watershed Open Water (class 11), for 2001, 2006, or 2011 (year represented by XX)</attrdef><attrdefs>Homer and others (2007), Fry and others (2011), Homer and others (2015)</attrdefs><attrdomv><rdom><rdommin>0.00</rdommin><rdommax>38.87</rdommax><attrunit>Percent</attrunit></rdom></attrdomv></attr><attr><attrlabl>NLCDXX_12</attrlabl><attrdef>Percent watershed Perennial Ice/Snow (class 12), for 2001, 2006, or 2011 (year represented by XX)</attrdef><attrdefs>Homer and others (2007), Fry and others (2011), Homer and others (2015)</attrdefs><attrdomv><rdom><rdommin>0.00</rdommin><rdommax>53.62</rdommax><attrunit>Percent</attrunit></rdom></attrdomv></attr><attr><attrlabl>NLCDXX_21</attrlabl><attrdef>Percent watershed Developed, Open Space (class 21), for 2001, 2006, or 2011 (year represented by XX)</attrdef><attrdefs>Homer and others (2007), Fry and others (2011), Homer and others (2015)</attrdefs><attrdomv><rdom><rdommin>0.00</rdommin><rdommax>60.74</rdommax><attrunit>Percent</attrunit></rdom></attrdomv></attr><attr><attrlabl>NLCDXX_22</attrlabl><attrdef>Percent watershed Developed, Low Intensity (class 22), for 2001, 2006, or 2011 (year represented by XX)</attrdef><attrdefs>Homer and others (2007), Fry and others (2011), Homer and others (2015)</attrdefs><attrdomv><rdom><rdommin>0.00</rdommin><rdommax>70.36</rdommax><attrunit>Percent</attrunit></rdom></attrdomv></attr><attr><attrlabl>NLCDXX_23</attrlabl><attrdef>Percent watershed Developed, Medium Intensity (class 23), for 2001, 2006, or 2011 (year represented by XX)</attrdef><attrdefs>Homer and others (2007), Fry and others (2011), Homer and others (2015)</attrdefs><attrdomv><rdom><rdommin>0.00</rdommin><rdommax>61.60</rdommax><attrunit>Percent</attrunit></rdom></attrdomv></attr><attr><attrlabl>NLCDXX_24</attrlabl><attrdef>Percent watershed Developed, High Intensity (class 24), for 2001, 2006, or 2011 (year represented by XX)</attrdef><attrdefs>Homer and others (2007), Fry and others (2011), Homer and others (2015)</attrdefs><attrdomv><rdom><rdommin>0.00</rdommin><rdommax>47.61</rdommax><attrunit>Percent</attrunit></rdom></attrdomv></attr><attr><attrlabl>NLCDXX_31</attrlabl><attrdef>Percent watershed Natural Barren (class 31), for 2001, 2006, or 2011 (year represented by XX)</attrdef><attrdefs>Homer and others (2007), Fry and others (2011), Homer and others (2015)</attrdefs><attrdomv><rdom><rdommin>0.00</rdommin><rdommax>70.76</rdommax><attrunit>Percent</attrunit></rdom></attrdomv></attr><attr><attrlabl>NLCDXX_41</attrlabl><attrdef>Percent watershed Deciduous Forest (class 41), for 2001, 2006, or 2011 (year represented by XX)</attrdef><attrdefs>Homer and others (2007), Fry and others (2011), Homer and others (2015)</attrdefs><attrdomv><rdom><rdommin>0.00</rdommin><rdommax>96.38</rdommax><attrunit>Percent</attrunit></rdom></attrdomv></attr><attr><attrlabl>NLCDXX_42</attrlabl><attrdef>Percent watershed Evergreen Forest (class 42), for 2001, 2006, or 2011 (year represented by XX)</attrdef><attrdefs>Homer and others (2007), Fry and others (2011), Homer and others (2015)</attrdefs><attrdomv><rdom><rdommin>0.00</rdommin><rdommax>99.15</rdommax><attrunit>Percent</attrunit></rdom></attrdomv></attr><attr><attrlabl>NLCDXX_43</attrlabl><attrdef>Percent watershed Mixed Forest (class 43), for 2001, 2006, or 2011 (year represented by XX)</attrdef><attrdefs>Homer and others (2007), Fry and others (2011), Homer and others (2015)</attrdefs><attrdomv><rdom><rdommin>0.00</rdommin><rdommax>55.64</rdommax><attrunit>Percent</attrunit></rdom></attrdomv></attr><attr><attrlabl>NLCDXX_52</attrlabl><attrdef>Percent watershed Shrubland (class 52), for 2001, 2006, or 2011 (year represented by XX)</attrdef><attrdefs>Homer and others (2007), Fry and others (2011), Homer and others (2015)</attrdefs><attrdomv><rdom><rdommin>0.00</rdommin><rdommax>99.24</rdommax><attrunit>Percent</attrunit></rdom></attrdomv></attr><attr><attrlabl>NLCDXX_71</attrlabl><attrdef>Percent watershed Herbaceous (grassland) (class 71), for 2001, 2006, or 2011 (year represented by XX)</attrdef><attrdefs>Homer and others (2007), Fry and others (2011), Homer and others (2015)</attrdefs><attrdomv><rdom><rdommin>0.00</rdommin><rdommax>95.76</rdommax><attrunit>Percent</attrunit></rdom></attrdomv></attr><attr><attrlabl>NLCDXX_81</attrlabl><attrdef>Percent watershed Pasture/Hay (class 81), for 2001, 2006, or 2011 (year represented by XX)</attrdef><attrdefs>Homer and others (2007), Fry and others (2011), Homer and others (2015)</attrdefs><attrdomv><rdom><rdommin>0.00</rdommin><rdommax>82.01</rdommax><attrunit>Percent</attrunit></rdom></attrdomv></attr><attr><attrlabl>NLCDXX_82</attrlabl><attrdef>Percent watershed Cultivated Crops (class 82), for 2001, 2006, or 2011 (year represented by XX)</attrdef><attrdefs>Homer and others (2007), Fry and others (2011), Homer and others (2015)</attrdefs><attrdomv><rdom><rdommin>0.00</rdommin><rdommax>94.31</rdommax><attrunit>Percent</attrunit></rdom></attrdomv></attr><attr><attrlabl>NLCDXX_90</attrlabl><attrdef>Percent watershed Woody Wetlands (class 90), for 2001, 2006, or 2011 (year represented by XX)</attrdef><attrdefs>Homer and others (2007), Fry and others (2011), Homer and others (2015)</attrdefs><attrdomv><rdom><rdommin>0.00</rdommin><rdommax>68.95</rdommax><attrunit>Percent</attrunit></rdom></attrdomv></attr><attr><attrlabl>NLCDXX_95</attrlabl><attrdef>Percent watershed Emergent Herbaceous Wetlands (class 95), for 2001, 2006, or 2011 (year represented by XX)</attrdef><attrdefs>Homer and others (2007), Fry and others (2011), Homer and others (2015)</attrdefs><attrdomv><rdom><rdommin>0.00</rdommin><rdommax>38.58</rdommax><attrunit>Percent</attrunit></rdom></attrdomv></attr><attr><attrlabl>NWALTXX_DEV_SUM</attrlabl><attrdef>Percent watershed "Developed" sum (classes 21-27), for 1974, 1982, 1992, 2002, and 2012 (year represented by XX)</attrdef><attrdefs>Falcone (2015), Falcone (2016)</attrdefs><attrdomv><rdom><rdommin>0.00</rdommin><rdommax>100.00</rdommax><attrunit>Percent</attrunit></rdom></attrdomv></attr><attr><attrlabl>NWALTXX_SEMIDEV_SUM</attrlabl><attrdef>Percent watershed "Semi-Developed" sum (classes 31-33), for 1974, 1982, 1992, 2002, and 2012 (year represented by XX)</attrdef><attrdefs>Falcone (2015), Falcone (2016)</attrdefs><attrdomv><rdom><rdommin>0.00</rdommin><rdommax>91.87</rdommax><attrunit>Percent</attrunit></rdom></attrdomv></attr><attr><attrlabl>NWALTXX_AG4344_SUM</attrlabl><attrdef>Percent watershed "Agriculture" (excluding Grazing Potential) sum (classes 43-44), for 1974, 1982, 1992, 2002, and 2012 (year represented by XX)</attrdef><attrdefs>Falcone (2015), Falcone (2016)</attrdefs><attrdomv><rdom><rdommin>0.00</rdommin><rdommax>99.32</rdommax><attrunit>Percent</attrunit></rdom></attrdomv></attr><attr><attrlabl>NWALTXX_AG4346_SUM</attrlabl><attrdef>Percent watershed "Agriculture" (including Grazing Potential) sum (classes 43-46), for 1974, 1982, 1992, 2002, and 2012 (year represented by XX)</attrdef><attrdefs>Falcone (2015), Falcone (2016)</attrdefs><attrdomv><rdom><rdommin>0.00</rdommin><rdommax>99.62</rdommax><attrunit>Percent</attrunit></rdom></attrdomv></attr><attr><attrlabl>NWALTXX_11</attrlabl><attrdef>Percent watershed Water (NWALT class 11), for 1974, 1982, 1992, 2002, and 2012 (year represented by XX)</attrdef><attrdefs>Falcone (2015), Falcone (2016)</attrdefs><attrdomv><rdom><rdommin>0.00</rdommin><rdommax>38.86</rdommax><attrunit>Percent</attrunit></rdom></attrdomv></attr><attr><attrlabl>NWALTXX_12</attrlabl><attrdef>Percent watershed Core Wetlands (NWALT class 12), for 1974, 1982, 1992, 2002, and 2012 (year represented by XX)</attrdef><attrdefs>Falcone (2015), Falcone (2016)</attrdefs><attrdomv><rdom><rdommin>0.00</rdommin><rdommax>71.28</rdommax><attrunit>Percent</attrunit></rdom></attrdomv></attr><attr><attrlabl>NWALTXX_21</attrlabl><attrdef>Percent watershed Developed, Transportation: Major roads, rail and airports (NWALT class 21) for 1974, 1982, 1992, 2002, and 2012 (year represented by XX)</attrdef><attrdefs>Falcone (2015), Falcone (2016)</attrdefs><attrdomv><rdom><rdommin>0.00</rdommin><rdommax>45.15</rdommax><attrunit>Percent</attrunit></rdom></attrdomv></attr><attr><attrlabl>NWALTXX_22</attrlabl><attrdef>Percent watershed Developed, Commercial/Services (NWALT class 22) for 1974, 1982, 1992, 2002, and 2012 (year represented by XX)</attrdef><attrdefs>Falcone (2015), Falcone (2016)</attrdefs><attrdomv><rdom><rdommin>0.00</rdommin><rdommax>65.53</rdommax><attrunit>Percent</attrunit></rdom></attrdomv></attr><attr><attrlabl>NWALTXX_23</attrlabl><attrdef>Percent watershed Developed, Industrial/Military (NWALT class 23) for 1974, 1982, 1992, 2002, and 2012 (year represented by XX)</attrdef><attrdefs>Falcone (2015), Falcone (2016)</attrdefs><attrdomv><rdom><rdommin>0.00</rdommin><rdommax>93.55</rdommax><attrunit>Percent</attrunit></rdom></attrdomv></attr><attr><attrlabl>NWALTXX_24</attrlabl><attrdef>Percent watershed Developed, Recreation (NWALT class 24) for 1974, 1982, 1992, 2002, and 2012 (year represented by XX)</attrdef><attrdefs>Falcone (2015), Falcone (2016)</attrdefs><attrdomv><rdom><rdommin>0.00</rdommin><rdommax>42.08</rdommax><attrunit>Percent</attrunit></rdom></attrdomv></attr><attr><attrlabl>NWALTXX_25</attrlabl><attrdef>Percent watershed Developed, Residential, High Density (NWALT class 25) for 1974, 1982, 1992, 2002, and 2012 (year represented by XX)</attrdef><attrdefs>Falcone (2015), Falcone (2016)</attrdefs><attrdomv><rdom><rdommin>0.00</rdommin><rdommax>79.95</rdommax><attrunit>Percent</attrunit></rdom></attrdomv></attr><attr><attrlabl>NWALTXX_26</attrlabl><attrdef>Percent watershed Developed, Residential, Low-Medium Density (NWALT class 26) for 1974, 1982, 1992, 2002, and 2012 (year represented by XX)</attrdef><attrdefs>Falcone (2015), Falcone (2016)</attrdefs><attrdomv><rdom><rdommin>0.00</rdommin><rdommax>70.92</rdommax><attrunit>Percent</attrunit></rdom></attrdomv></attr><attr><attrlabl>NWALTXX_27</attrlabl><attrdef>Percent watershed Developed, Other (NWALT class 27) for 1974, 1982, 1992, 2002, and 2012 (year represented by XX)</attrdef><attrdefs>Falcone (2015), Falcone (2016)</attrdefs><attrdomv><rdom><rdommin>0.00</rdommin><rdommax>21.83</rdommax><attrunit>Percent</attrunit></rdom></attrdomv></attr><attr><attrlabl>NWALTXX_31</attrlabl><attrdef>Percent watershed Semi-Developed, Urban Interface High (NWALT class 31) for 1974, 1982, 1992, 2002, and 2012 (year represented by XX)</attrdef><attrdefs>Falcone (2015), Falcone (2016)</attrdefs><attrdomv><rdom><rdommin>0.00</rdommin><rdommax>71.36</rdommax><attrunit>Percent</attrunit></rdom></attrdomv></attr><attr><attrlabl>NWALTXX_32</attrlabl><attrdef>Percent watershed Semi-Developed, Urban Interface Low-Medium (NWALT class 32) for 1974, 1982, 1992, 2002, and 2012 (year represented by XX)</attrdef><attrdefs>Falcone (2015), Falcone (2016)</attrdefs><attrdomv><rdom><rdommin>0.00</rdommin><rdommax>91.87</rdommax><attrunit>Percent</attrunit></rdom></attrdomv></attr><attr><attrlabl>NWALTXX_33</attrlabl><attrdef>Percent watershed Semi-Developed, Anthropogenic Other (NWALT class 33) for 1974, 1982, 1992, 2002, and 2012 (year represented by XX)</attrdef><attrdefs>Falcone (2015), Falcone (2016)</attrdefs><attrdomv><rdom><rdommin>0.00</rdommin><rdommax>11.21</rdommax><attrunit>Percent</attrunit></rdom></attrdomv></attr><attr><attrlabl>NWALTXX_41</attrlabl><attrdef>Percent watershed Mining, quarries, surface mineral extraction (NWALT class 41) for 1974, 1982, 1992, 2002, and 2012 (year represented by XX)</attrdef><attrdefs>Falcone (2015), Falcone (2016)</attrdefs><attrdomv><rdom><rdommin>0.00</rdommin><rdommax>27.36</rdommax><attrunit>Percent</attrunit></rdom></attrdomv></attr><attr><attrlabl>NWALTXX_43</attrlabl><attrdef>Percent watershed Crops (NWALT class 43) for 1974, 1982, 1992, 2002, and 2012 (year represented by XX)</attrdef><attrdefs>Falcone (2015), Falcone (2016)</attrdefs><attrdomv><rdom><rdommin>0.00</rdommin><rdommax>99.32</rdommax><attrunit>Percent</attrunit></rdom></attrdomv></attr><attr><attrlabl>NWALTXX_44</attrlabl><attrdef>Percent watershed Pasture/Hay (NWALT class 44) for 1974, 1982, 1992, 2002, and 2012 (year represented by XX)</attrdef><attrdefs>Falcone (2015), Falcone (2016)</attrdefs><attrdomv><rdom><rdommin>0.00</rdommin><rdommax>89.58</rdommax><attrunit>Percent</attrunit></rdom></attrdomv></attr><attr><attrlabl>NWALTXX_45</attrlabl><attrdef>Percent watershed Grazing Potential I (NWALT class 45) for 1974, 1982, 1992, 2002, and 2012 (year represented by XX)</attrdef><attrdefs>Falcone (2015), Falcone (2016)</attrdefs><attrdomv><rdom><rdommin>0.00</rdommin><rdommax>30.75</rdommax><attrunit>Percent</attrunit></rdom></attrdomv></attr><attr><attrlabl>NWALTXX_46</attrlabl><attrdef>Percent watershed Grazing Potential II (NWALT class 46) for 1974, 1982, 1992, 2002, and 2012 (year represented by XX)</attrdef><attrdefs>Falcone (2015), Falcone (2016)</attrdefs><attrdomv><rdom><rdommin>0.00</rdommin><rdommax>96.54</rdommax><attrunit>Percent</attrunit></rdom></attrdomv></attr><attr><attrlabl>NWALTXX_50</attrlabl><attrdef>Percent watershed Low Use (NWALT class 50) for 1974, 1982, 1992, 2002, and 2012 (year represented by XX)</attrdef><attrdefs>Falcone (2015), Falcone (2016)</attrdefs><attrdomv><rdom><rdommin>0.00</rdommin><rdommax>100.00</rdommax><attrunit>Percent</attrunit></rdom></attrdomv></attr><attr><attrlabl>NWALTXX_60</attrlabl><attrdef>Percent watershed Very Low Use, Conservation (NWALT class 60) for 1974, 1982, 1992, 2002, and 2012 (year represented by XX)</attrdef><attrdefs>Falcone (2015), Falcone (2016)</attrdefs><attrdomv><rdom><rdommin>0.00</rdommin><rdommax>100.00</rdommax><attrunit>Percent</attrunit></rdom></attrdomv></attr></detailed></eainfo><distinfo><distrib><cntinfo><cntorgp><cntorg>US Geological Survey - ScienceBase</cntorg></cntorgp><cntaddr><addrtype>Mailing</addrtype><address>Denver Federal Center, Building 810, Mail Stop 302</address><city>Denver</city><state>CO</state><postal>80225</postal><country>USA</country></cntaddr><cntvoice>1-888-275-8747 (1-888-ASK-USGS)</cntvoice><cntemail>sciencebase@usgs.gov</cntemail></cntinfo></distrib><distliab>Although this data set has been used by the U.S. Geological
Survey, U.S. Department of the Interior, no warranty expressed or
implied is made by the U.S. Geological Survey as to the accuracy
of the data and related materials. The act of distribution shall not 
constitute any such warranty, and no responsibility is assumed by 
the U.S. Geological Survey in the use of this data, software, or 
related materials.
Any use of trade, product, or firm names is for descriptive 
purposes only and does not imply endorsement by the U.S. 
Government.</distliab><stdorder><digform><digtinfo><formname>Tabular Digital Data Set</formname></digtinfo><digtopt><onlinopt><computer><networka><networkr>https://doi.org/10.5066/F7HQ3XS4</networkr></networka></computer></onlinopt></digtopt></digform><fees>None. This dataset is provided by USGS as a public service.</fees></stdorder></distinfo><metainfo><metd>20170919</metd><metc><cntinfo><cntperp><cntper>James Falcone</cntper><cntorg>U.S. Geological Survey</cntorg></cntperp><cntpos>Ask USGS -- Water Webserver Team</cntpos><cntaddr><addrtype>Mailing</addrtype><address>12201 Sunrise Valley Dr., MS 413</address><city>Reston</city><state>VA</state><postal>20192</postal><country>USA</country></cntaddr><cntvoice>1-888-275-8747 (1-888-ASK-USGS)</cntvoice><cntemail>https://answers.usgs.gov/</cntemail></cntinfo></metc><metstdn>FGDC Content Standard for Digital Geospatial Metadata</metstdn><metstdv>FGDC-STD-001-1998</metstdv></metainfo></metadata>