<metadata><idinfo><citation><citeinfo><origin>James A. Falcone</origin><pubdate>2017</pubdate><title>Timber and Forest Cutting: U.S. Geological Survey GAGES-II time series data update</title><geoform>Comma-separated text file</geoform><onlink>https://doi.org/10.5066/F7HQ3XS4</onlink></citeinfo></citation><descript><abstract>This dataset consists of a tables with information regarding timber and forest cutting activity for the conterminous United States sites of the U.S. Geological Survey (USGS) Geospatial Attributes of Gages for Evaluating Streamflow II (GAGES-II) dataset.  The data represent estimates the percent of the watershed affected by timber and forestry activities annually from 1999 to 2012.</abstract><purpose>These data are intended as support for research efforts using the USGS GAGES-II sites.</purpose><supplinf>This dataset is in support of study sites in the GAGES-II dataset (Falcone, 2011) and based on the watershed boundaries published there. Data were derived from Timber supplemental geospatial rasters published as part of the NAWQA Wall-to-wall Anthropogenic Landuse Trends (NWALT) dataset (Falcone, 2015), which were in turn derived primarily from USGS LANDFIRE disturbance data (https://www.landfire.gov/disturbance.php). The NWALT Timber data are 60-meter (m) national rasters mapping areas which were believed to have been modified via anthropogenic forestry activities, and exclude natural disturbances such as forest fires or pest infestations. 
References:
Falcone, J.A., 2011, GAGES-II:  Geospatial Attributes of Gages for Evaluating Streamflow, U.S. Geological Survey digital spatial data set, http://water.usgs.gov/GIS/metadata/usgswrd/XML/gagesII_Sept2011.xml.
Falcone, J.A., 2015, U.S. conterminous wall-to-wall anthropogenic land use trends (NWALT), 1974–2012: U.S. Geological Survey Data Series 948, 33 p. plus appendixes 3–6 as separate files, http://dx.doi.org/10.3133/ds948.</supplinf></descript><timeperd><timeinfo><rngdates><begdate>19990101</begdate><enddate>20121231</enddate></rngdates></timeinfo><current>observed</current></timeperd><status><progress>Complete</progress><update>As needed</update></status><spdom><bounding><westbc>-124.732770</westbc><eastbc>-66.969271</eastbc><northbc>49.371730</northbc><southbc>24.956376</southbc></bounding></spdom><keywords><theme><themekt>None</themekt><themekey>inlandWaters</themekey><themekey>GAGES-II</themekey><themekey>Timber</themekey><themekey>Forestry</themekey><themekey>NWALT</themekey></theme><place><placekt>None</placekt><placekey>United States</placekey><placekey>Conterminous United States</placekey></place></keywords><accconst>None. Please see 'Distribution Info' for details.</accconst><useconst>None.</useconst><ptcontac><cntinfo><cntorgp><cntorg>U.S. Geological Survey</cntorg><cntper>James Falcone</cntper></cntorgp><cntaddr><addrtype>Mailing</addrtype><address>12201 Sunrise Valley Dr.</address><address>MS 413 National Center</address><city>Reston</city><state>VA</state><postal>20192</postal><country>USA</country></cntaddr><cntvoice>703-648-5008</cntvoice><cntemail>jfalcone@usgs.gov</cntemail></cntinfo></ptcontac><native>Environment as of Metadata Creation: Microsoft Windows 7 Version 6.1 (Build 7601) Service Pack 1; Esri ArcGIS 10.3.1 (Build 4959) Service Pack N/A (Build N/A)</native></idinfo><dataqual><attracc><attraccr>Values were spot checked against source data.</attraccr></attracc><logic>No formal logical accuracy tests were conducted.</logic><complete>Data are complete</complete><posacc><horizpa><horizpar>A formal accuracy assessment of the horizontal positional information in the data set has not been conducted.</horizpar></horizpa><vertacc><vertaccr>A formal accuracy assessment of the vertical positional information in the data set has either not been conducted, or is not applicable.</vertaccr></vertacc></posacc><lineage><srcinfo><srccite><citeinfo><origin>James A. Falcone</origin><pubdate>20111012</pubdate><title>GAGES-II: Geospatial Attributes of Gages for Evaluating Streamflow</title><geoform>Digital Data Set</geoform><pubinfo><pubplace>online</pubplace><publish>U.S. Geological Survey</publish></pubinfo><onlink>https://water.usgs.gov/GIS/metadata/usgswrd/XML/gagesII_Sept2011.xml</onlink></citeinfo></srccite><typesrc>Digital and/or Hardcopy Resources</typesrc><srctime><timeinfo><sngdate><caldate>20111012</caldate></sngdate></timeinfo><srccurr>publication date</srccurr></srctime><srccitea>Falcone, 2011</srccitea><srccontr>Sites for which these data provide updated data.</srccontr></srcinfo><srcinfo><srccite><citeinfo><origin>Falcone, J.A.</origin><pubdate>20150915</pubdate><title>U.S. conterminous wall-to-wall anthropogenic landuse trends (NWALT), 1974–2012: U.S. Geological Survey Data Series 948</title><geoform>Raster Digital Data Set</geoform><pubinfo><pubplace>Reston, VA</pubplace><publish>U.S. Geological Survey</publish></pubinfo><onlink>http://dx.doi.org/10.3133/ds948</onlink></citeinfo></srccite><typesrc>Digital and/or Hardcopy Resources</typesrc><srctime><timeinfo><rngdates><begdate>19740101</begdate><enddate>20121231</enddate></rngdates></timeinfo><srccurr>observed</srccurr></srctime><srccitea>Falcone, 2015</srccitea><srccontr>60-m national land use rasters to which tabular statistics were allocated.</srccontr></srcinfo><procstep><procdesc>(1) Source data are supplemental Timber rasters published as part of the NWALT dataset (Falcone, 2015).</procdesc><procdate>20161214</procdate></procstep><procstep><procdesc>(2) Watershed averages were calculated using the "run_zonal.aml" script developed by Curtis Price of the U.S. Geological Survey. This tool calculated zonal statistics from raster datasets.</procdesc><procdate>20170413</procdate></procstep></lineage></dataqual><eainfo><detailed Name="Timber_1999-2012.txt"><enttyp><enttypl>Attribute Table for timber and forest cutting watershed means, Timber_1999-2012.txt</enttypl><enttypd>Data consist of a comma-separated text file</enttypd><enttypds>U.S. Geological Survey</enttypds></enttyp><attr><attrlabl>STAID</attrlabl><attrdef>Unique station identification number</attrdef><attrdefs>Corresponds to unique station identifier in GAGES-II</attrdefs><attrdomv><udom>Unique identifier for site</udom></attrdomv></attr><attr><attrlabl>TIMBER_XXXX</attrlabl><attrdef>Percent of watershed affected by timber or forestry activities for year XXXX</attrdef><attrdefs>U.S. Geological Survey</attrdefs><attrdomv><rdom><rdommin>0.0</rdommin><rdommax>54.1</rdommax><attrunit>Percent</attrunit></rdom></attrdomv></attr></detailed></eainfo><distinfo><distrib><cntinfo><cntorgp><cntorg>US Geological Survey - ScienceBase</cntorg></cntorgp><cntaddr><addrtype>Mailing</addrtype><address>Denver Federal Center, Building 810, Mail Stop 302</address><city>Denver</city><state>CO</state><postal>80225</postal><country>USA</country></cntaddr><cntvoice>1-888-275-8747 (1-888-ASK-USGS)</cntvoice><cntemail>sciencebase@usgs.gov</cntemail></cntinfo></distrib><distliab>Although this data set has been used by the U.S. Geological
Survey, U.S. Department of the Interior, no warranty expressed or
implied is made by the U.S. Geological Survey as to the accuracy
of the data and related materials. The act of distribution shall not 
constitute any such warranty, and no responsibility is assumed by 
the U.S. Geological Survey in the use of this data, software, or 
related materials.
Any use of trade, product, or firm names is for descriptive 
purposes only and does not imply endorsement by the U.S. 
Government.</distliab><stdorder><digform><digtinfo><formname>Tabular Digital Data Set</formname></digtinfo><digtopt><onlinopt><computer><networka><networkr>https://doi.org/10.5066/F7HQ3XS4</networkr></networka></computer></onlinopt></digtopt></digform><fees>None. This dataset is provided by USGS as a public service.</fees></stdorder></distinfo><metainfo><metd>20170919</metd><metc><cntinfo><cntperp><cntper>James Falcone</cntper><cntorg>U.S. Geological Survey</cntorg></cntperp><cntpos>Ask USGS -- Water Webserver Team</cntpos><cntaddr><addrtype>Mailing</addrtype><address>12201 Sunrise Valley Dr., MS 413</address><city>Reston</city><state>VA</state><postal>20192</postal><country>USA</country></cntaddr><cntvoice>1-888-275-8747 (1-888-ASK-USGS)</cntvoice><cntemail>https://answers.usgs.gov/</cntemail></cntinfo></metc><metstdn>FGDC Content Standard for Digital Geospatial Metadata</metstdn><metstdv>FGDC-STD-001-1998</metstdv></metainfo></metadata>