<metadata><idinfo><citation><citeinfo><origin>James A. Falcone</origin><pubdate>2017</pubdate><title>Population and Housing Density: U.S. Geological Survey GAGES-II time series data update</title><geoform>Comma-separated text file</geoform><onlink>https://doi.org/10.5066/F7HQ3XS4</onlink></citeinfo></citation><descript><abstract>This dataset consists of information regarding population and housing unit density for the conterminous United States sites of the U.S. Geological Survey (USGS) Geospatial Attributes of Gages for Evaluating Streamflow II (GAGES-II) dataset.  The data include population density for the periods 1990, 2000, and 2010, and housing unit density estimates for decadal periods from 1940 to 2010.</abstract><purpose>These data are intended as support for research efforts using the USGS GAGES-II sites.</purpose><supplinf>This dataset is in support of study sites in the GAGES-II dataset (Falcone, 2011) and based on the watershed boundaries published there. 
Two time series are given here, in a single table: one series for population density, in units of persons per square kilometer (sq km) and one for housing unit density, in units of housing units per sq km.  It is believed the data are comparable over time. The 1990 and 2000 population data are from the SILVIS Lab, University of Wisconsin-Madison (http://silvis.forest.wisc.edu/maps/wui), downloaded in 2005 (original data no longer posted), but transformed into rasters and published by Falcone (2016).  These were 2000 block-level population data, and 1990 block-level data transformed to correspond to 2000 block boundaries, so as to be directly comparable at the block scale.  (Some Census block boundaries change from era to era). Census blocks are the most detailed geographic scale for Census data. The 2010 population data are taken directly from the U.S. Census Bureau (U.S. Census Bureau, 2012) and are based on 2010 block boundaries.  However, it is believed that when aggregated over watershed areas, such as published here, the differences between 2000 and 2010 block boundaries are negligible.  Users should be aware however, that small differences over time, particularly for the smallest watersheds, may be in part due to differences in the methods and data sources for the different periods.
The housing data for 1950-2000 are also taken from SILVIS data (http://silvis.forest.wisc.edu/data/1940-2030-housing-density-pbg, Hammer and others, 2004), and are based on modeled data from information in the 2000 Census.  They were derived at a consistent geographic scale, which Hammer and others (2004) created and refer to as the "partial block group" scale - not as detailed as blocks, but more detailed than block groups.  The 2010 housing data, as the 2010 population data, are taken directly from the Census Bureau at the block scale.  They are thus, as with the 2010 population data, the most up to date and accurate data available.  Nevertheless, it is believed they are consistent over time with the 1950-2000 data for the scale of the watersheds here.  It was felt that providing the 2010 data in its most accurate form outweighed any minor inconsistencies with the data from prior years.
References:
Falcone, J.A., 2011, GAGES-II:  Geospatial Attributes of Gages for Evaluating Streamflow, U.S. Geological Survey digital spatial data set, http://water.usgs.gov/GIS/metadata/usgswrd/XML/gagesII_Sept2011.xml.
Falcone, J.A., 2016, U.S. block-level population density rasters for 1990, 2000, and 2010: U.S. Geological Survey data release, http://dx.doi.org/10.5066/F74J0C6M.
Hammer, R. B. S. I. Stewart, R. Winkler, V. C. Radeloff, and P. R. Voss. 2004, Characterizing spatial and temporal residential density patterns across the U.S. Midwest, 1940-1990. Landscape and Urban Planning 69: 183-199.
U.S. Census Bureau, 2012, U.S. Census Bureau 2010 Block Population and Housing data. U.S. Census Bureau, accessed October 2012 at ftp://ftp2.census.gov/geo/tiger/TIGER2010BLKPOPHU.</supplinf></descript><timeperd><timeinfo><rngdates><begdate>20010101</begdate><enddate>20121231</enddate></rngdates></timeinfo><current>observed</current></timeperd><status><progress>Complete</progress><update>As needed</update></status><spdom><bounding><westbc>-124.732770</westbc><eastbc>-66.969271</eastbc><northbc>49.371730</northbc><southbc>24.956376</southbc></bounding></spdom><keywords><theme><themekt>None</themekt><themekey>inlandWaters</themekey><themekey>GAGES-II</themekey><themekey>Population</themekey><themekey>Housing</themekey></theme><place><placekt>None</placekt><placekey>United States</placekey><placekey>Conterminous United States</placekey></place></keywords><accconst>None. Please see 'Distribution Info' for details.</accconst><useconst>None.</useconst><ptcontac><cntinfo><cntorgp><cntorg>US Geological Survey</cntorg><cntper>James Falcone</cntper></cntorgp><cntaddr><addrtype>Mailing</addrtype><address>12201 Sunrise Valley Dr.</address><address>MS 413 National Center</address><city>Reston</city><state>VA</state><postal>20192</postal><country>USA</country></cntaddr><cntvoice>703-648-5008</cntvoice><cntemail>jfalcone@usgs.gov</cntemail></cntinfo></ptcontac><native>Environment as of Metadata Creation: Microsoft Windows 7 Version 6.1 (Build 7601) Service Pack 1; Esri ArcGIS 10.3.1 (Build 4959) Service Pack N/A (Build N/A)</native></idinfo><dataqual><attracc><attraccr>Values were spot checked against source data.</attraccr></attracc><logic>No formal logical accuracy tests were conducted.</logic><complete>Data are complete</complete><posacc><horizpa><horizpar>A formal accuracy assessment of the horizontal positional information in the data set has not been conducted.</horizpar></horizpa><vertacc><vertaccr>A formal accuracy assessment of the vertical positional information in the data set has either not been conducted, or is not applicable.</vertaccr></vertacc></posacc><lineage><srcinfo><srccite><citeinfo><origin>James A. Falcone</origin><pubdate>20111012</pubdate><title>GAGES-II: Geospatial Attributes of Gages for Evaluating Streamflow</title><geoform>Digital Data Set</geoform><pubinfo><pubplace>online</pubplace><publish>U.S. Geological Survey</publish></pubinfo><onlink>https://water.usgs.gov/GIS/metadata/usgswrd/XML/gagesII_Sept2011.xml</onlink></citeinfo></srccite><typesrc>Digital and/or Hardcopy Resources</typesrc><srctime><timeinfo><sngdate><caldate>20111012</caldate></sngdate></timeinfo><srccurr>publication date</srccurr></srctime><srccitea>Falcone, 2011</srccitea><srccontr>Sites for which these data provide updated data.</srccontr></srcinfo><srcinfo><srccite><citeinfo><origin>U.S. Geological Survey</origin><pubdate>20161001</pubdate><title>U.S. block-level population density rasters for 1990, 2000, and 2010</title><geoform>Raster Data Set</geoform><pubinfo><pubplace>online</pubplace><publish>U.S. Geological Survey</publish></pubinfo><onlink>http://dx.doi.org/10.5066/F74J0C6M</onlink></citeinfo></srccite><typesrc>Digital and/or Hardcopy Resources</typesrc><srctime><timeinfo><rngdates><begdate>19900101</begdate><enddate>20101231</enddate></rngdates></timeinfo><srccurr>ground condition</srccurr></srctime><srccitea>Falcone, 2016c</srccitea><srccontr>Source data from which 1990 and 2000 population density data were derived</srccontr></srcinfo><srcinfo><srccite><citeinfo><origin>U.S. Census Bureau</origin><pubdate>20120601</pubdate><title>U.S. block-level population density rasters for 1990, 2000, and 2010</title><geoform>Vector Data Set</geoform><pubinfo><pubplace>online</pubplace><publish>U.S. Census Bureau</publish></pubinfo><onlink>ftp://ftp2.census.gov/geo/tiger/TIGER2010BLKPOPHU</onlink></citeinfo></srccite><typesrc>Digital and/or Hardcopy Resources</typesrc><srctime><timeinfo><rngdates><begdate>19900101</begdate><enddate>20101231</enddate></rngdates></timeinfo><srccurr>ground condition</srccurr></srctime><srccitea>U.S. Census Bureau, 2012</srccitea><srccontr>Source data from which 2010 population and housing data were derived.</srccontr></srcinfo><srcinfo><srccite><citeinfo><origin>SILVIS Lab, University of Wisconsin-Madison</origin><pubdate>20130901</pubdate><title>1940-2030 Housing Density (Partial Block Group level)</title><geoform>Raster Digital Data Set</geoform><pubinfo><pubplace>online</pubplace><publish>SILVIS Lab, University of Wisconsin-Madison</publish></pubinfo><onlink>http://silvis.forest.wisc.edu/data/1940-2030-housing-density-pbg</onlink></citeinfo></srccite><typesrc>Digital and/or Hardcopy Resources</typesrc><srctime><timeinfo><rngdates><begdate>19500101</begdate><enddate>20101231</enddate></rngdates></timeinfo><srccurr>observed</srccurr></srctime><srccitea>Hammer and others, 2004</srccitea><srccontr>Source data from which 1950-2000 housing unit density was derived.</srccontr></srcinfo><procstep><procdesc>(1) Source data for the 1950-2000 housing unit density data was downloaded from SILVIS Lab at http://silvis.forest.wisc.edu/data/1940-2030-housing-density-pbg in polygon format.  These were converted to 100-meter (m) integer national raster grids, one for each decade.</procdesc><procdate>20130901</procdate></procstep><procstep><procdesc>(2) 2010 population and housing counts were downloaded from: ftp://ftp2.census.gov/geo/tiger/TIGER2010BLKPOPHU. This ftp site contains shapefiles of census blocks by state with 2010 population and housing counts. An area field was added to each state shapefile and calculated as area in square kilometers. A population density field was added to each state shapefile and the census source fields POP10 and HU10 were divided by the area field to get population density in persons per square kilometer, and housing density in housing units per square kilometer, respectively. The shapefiles were then converted to 60-meter (m) rasters based on the population density and housing unit density fields. The rasters were merged to create a national raster.</procdesc><procdate>20120801</procdate></procstep><procstep><procdesc>(3) Source rasters for 1990 and 2000 population density were obtained from Falcone, 2016.  These were already-prepared block-level 100-m resolution rasters of population density for those eras.</procdesc><procdate>20161219</procdate></procstep><procstep><procdesc>(4) Watershed averages from the above grids (1950-2010 housing density and 1990-2010 population density) are based on GAGES-II watershed boundaries published in Falcone, 2011, using the "run_zonal.aml" script developed by Curtis Price of the U.S. Geological Survey (Curtis Price, written comm., 2007). This tool calculated zonal statistics from raster datasets.</procdesc><procdate>20170114</procdate></procstep><procstep><procdesc>(5) Informal tests were run to determine if differences in source grids at 60-m as opposed to 100-m were noteworthy, and in these data the differences are not significant.  That is, whether or not the original polygon data were gridded at 60-m vs. 100-m made little or no difference for watershed-scale calculations of the population and housing data here.</procdesc><procdate>20170114</procdate></procstep></lineage></dataqual><eainfo><detailed Name="PopulationHousing.txt"><enttyp><enttypl>Attribute Table for imperviousness and forest canopy information, PopulationHousing.txt.</enttypl><enttypd>Data consist of comma-separated text files</enttypd><enttypds>U.S. Geological Survey</enttypds></enttyp><attr><attrlabl>STAID</attrlabl><attrdef>Unique station identification number</attrdef><attrdefs>Corresponds to unique station identifier in GAGES-II</attrdefs><attrdomv><udom>Unique identifier for site</udom></attrdomv></attr><attr><attrlabl>PDEN_1990_BLOCK</attrlabl><attrdef>Population density for 1990, in persons per square kilometer</attrdef><attrdefs>U.S. Census Bureau, SILVIS Lab</attrdefs><attrdomv><rdom><rdommin>0.0</rdommin><rdommax>5030.4</rdommax><attrunit>Persons per square kilometer</attrunit></rdom></attrdomv></attr><attr><attrlabl>PDEN_2000_BLOCK</attrlabl><attrdef>Population density for 2000, in persons per square kilometer</attrdef><attrdefs>U.S. Census Bureau, SILVIS Lab</attrdefs><attrdomv><rdom><rdommin>0.0</rdommin><rdommax>5170.7</rdommax><attrunit>Persons per square kilometer</attrunit></rdom></attrdomv></attr><attr><attrlabl>PDEN_2010_BLOCK</attrlabl><attrdef>Population density for 2010, in persons per square kilometer</attrdef><attrdefs>U.S. Census Bureau</attrdefs><attrdomv><rdom><rdommin>0.0</rdommin><rdommax>5182.1</rdommax><attrunit>Persons per square kilometer</attrunit></rdom></attrdomv></attr><attr><attrlabl>HDEN_1940</attrlabl><attrdef>Housing unit density for 1940, in housing units per square kilometer</attrdef><attrdefs>SILVIS Lab, Hammer and others, 2004</attrdefs><attrdomv><rdom><rdommin>0.0</rdommin><rdommax>1216.9</rdommax><attrunit>Housing units per square kilometer</attrunit></rdom></attrdomv></attr><attr><attrlabl>HDEN_1950</attrlabl><attrdef>Housing unit density for 1950, in housing units per square kilometer</attrdef><attrdefs>SILVIS Lab, Hammer and others, 2004</attrdefs><attrdomv><rdom><rdommin>0.0</rdommin><rdommax>1452.6</rdommax><attrunit>Housing units per square kilometer</attrunit></rdom></attrdomv></attr><attr><attrlabl>HDEN_1960</attrlabl><attrdef>Housing unit density for 1960, in housing units per square kilometer</attrdef><attrdefs>SILVIS Lab, Hammer and others, 2004</attrdefs><attrdomv><rdom><rdommin>0.0</rdommin><rdommax>1704.0</rdommax><attrunit>Housing units per square kilometer</attrunit></rdom></attrdomv></attr><attr><attrlabl>HDEN_1970</attrlabl><attrdef>Housing unit density for 1970, in housing units per square kilometer</attrdef><attrdefs>SILVIS Lab, Hammer and others, 2004</attrdefs><attrdomv><rdom><rdommin>0.0</rdommin><rdommax>1810.7</rdommax><attrunit>Housing units per square kilometer</attrunit></rdom></attrdomv></attr><attr><attrlabl>HDEN_1980</attrlabl><attrdef>Housing unit density for 1980, in housing units per square kilometer</attrdef><attrdefs>SILVIS Lab, Hammer and others, 2004</attrdefs><attrdomv><rdom><rdommin>0.0</rdommin><rdommax>1899.9</rdommax><attrunit>Housing units per square kilometer</attrunit></rdom></attrdomv></attr><attr><attrlabl>HDEN_1990</attrlabl><attrdef>Housing unit density for 1990, in housing units per square kilometer</attrdef><attrdefs>SILVIS Lab, Hammer and others, 2004</attrdefs><attrdomv><rdom><rdommin>0.0</rdommin><rdommax>2047.9</rdommax><attrunit>Housing units per square kilometer</attrunit></rdom></attrdomv></attr><attr><attrlabl>HDEN_2000</attrlabl><attrdef>Housing unit density for 2000, in housing units per square kilometer</attrdef><attrdefs>SILVIS Lab, Hammer and others, 2004</attrdefs><attrdomv><rdom><rdommin>0.0</rdommin><rdommax>2101.1</rdommax><attrunit>Housing units per square kilometer</attrunit></rdom></attrdomv></attr><attr><attrlabl>HDEN_2010</attrlabl><attrdef>Housing unit density for 2010, in housing units per square kilometer</attrdef><attrdefs>U.S. Census Bureau</attrdefs><attrdomv><rdom><rdommin>0.0</rdommin><rdommax>2223.5</rdommax><attrunit>Housing units per square kilometer</attrunit></rdom></attrdomv></attr></detailed></eainfo><distinfo><distrib><cntinfo><cntorgp><cntorg>US Geological Survey - ScienceBase</cntorg></cntorgp><cntaddr><addrtype>Mailing</addrtype><address>Denver Federal Center, Building 810, Mail Stop 302</address><city>Denver</city><state>CO</state><postal>80225</postal><country>USA</country></cntaddr><cntvoice>1-888-275-8747 (1-888-ASK-USGS)</cntvoice><cntemail>sciencebase@usgs.gov</cntemail></cntinfo></distrib><distliab>Although this data set has been used by the U.S. Geological
Survey, U.S. Department of the Interior, no warranty expressed or
implied is made by the U.S. Geological Survey as to the accuracy
of the data and related materials. The act of distribution shall not 
constitute any such warranty, and no responsibility is assumed by 
the U.S. Geological Survey in the use of this data, software, or 
related materials.
Any use of trade, product, or firm names is for descriptive 
purposes only and does not imply endorsement by the U.S. 
Government.</distliab><stdorder><digform><digtinfo><formname>Tabular Digital Data Set</formname></digtinfo><digtopt><onlinopt><computer><networka><networkr>https://doi.org/10.5066/F7HQ3XS4</networkr></networka></computer></onlinopt></digtopt></digform><fees>None. This dataset is provided by USGS as a public service.</fees></stdorder></distinfo><metainfo><metd>20170919</metd><metc><cntinfo><cntperp><cntper>James Falcone</cntper><cntorg>U.S. Geological Survey</cntorg></cntperp><cntpos>Ask USGS -- Water Webserver Team</cntpos><cntaddr><addrtype>Mailing</addrtype><address>12201 Sunrise Valley Dr., MS 413</address><city>Reston</city><state>VA</state><postal>20192</postal><country>USA</country></cntaddr><cntvoice>1-888-275-8747 (1-888-ASK-USGS)</cntvoice><cntemail>https://answers.usgs.gov/</cntemail></cntinfo></metc><metstdn>FGDC Content Standard for Digital Geospatial Metadata</metstdn><metstdv>FGDC-STD-001-1998</metstdv></metainfo></metadata>