<metadata><idinfo><citation><citeinfo><origin>James A. Falcone</origin><pubdate>2017</pubdate><title>Water Use, Freshwater Withdrawals: U.S. Geological Survey GAGES-II time series data update</title><geoform>Comma-separated text file</geoform><onlink>https://doi.org/10.5066/F7HQ3XS4</onlink></citeinfo></citation><descript><abstract>This dataset consists of a tables with information regarding water use for the conterminous United States sites of the U.S. Geological Survey (USGS) Geospatial Attributes of Gages for Evaluating Streamflow II (GAGES-II) dataset.  The data consist of mean freshwater withdrawals in units of millions of gallons per day per square kilometer for five-year periods from 1985 to 2010.</abstract><purpose>These data are intended as support for research efforts using the USGS GAGES-II sites.</purpose><supplinf>This dataset is in support of study sites in the GAGES-II dataset (Falcone, 2011) and based on the watershed boundaries published there. Data are most appropriate for broad-scale applications and calculations, multi-county scale and coarser.  Users should be cognizant of some potential issues in comparing water use over time: water use values may change for various reasons: counties may begin importing or exporting water, industries may open or close between years, or jurisdictional/political changes may occur.  For example, a change may occur in how two adjacent counties are permitted to withdraw from a common river, potentially changing the numbers for each of them quite a bit in a time series.  Some states may have changed the method by which they estimated water use for some uses over time, for example thermoelectric power. Users should be conservative in drawing conclusions about water use trends at fine spatial scales.
References:
Falcone, J.A., 2011, GAGES-II:  Geospatial Attributes of Gages for Evaluating Streamflow, U.S. Geological Survey digital spatial data set, http://water.usgs.gov/GIS/metadata/usgswrd/XML/gagesII_Sept2011.xml.
Falcone, J.A., 2016, County fresh-water withdrawal water use allocated to relevant land uses in the United States: 1985 to 2010: U.S. Geological Survey data release, http://dx.doi.org/10.5066/F7DJ5.</supplinf></descript><timeperd><timeinfo><rngdates><begdate>19850101</begdate><enddate>20101231</enddate></rngdates></timeinfo><current>observed</current></timeperd><status><progress>Complete</progress><update>As needed</update></status><spdom><bounding><westbc>-124.732770</westbc><eastbc>-66.969271</eastbc><northbc>49.371730</northbc><southbc>24.956376</southbc></bounding></spdom><keywords><theme><themekt>None</themekt><themekey>inlandWaters</themekey><themekey>GAGES-II</themekey><themekey>Water Use</themekey><themekey>Freshwater Withdrawals</themekey></theme><place><placekt>None</placekt><placekey>United States</placekey><placekey>Conterminous United States</placekey></place></keywords><accconst>None. Please see 'Distribution Info' for details.</accconst><useconst>Please read use constraints for individual data layers, as applicable.</useconst><ptcontac><cntinfo><cntorgp><cntorg>US Geological Survey</cntorg><cntper>James Falcone</cntper></cntorgp><cntaddr><addrtype>Mailing</addrtype><address>12201 Sunrise Valley Dr.</address><address>MS 413 National Center</address><city>Reston</city><state>VA</state><postal>20192</postal><country>USA</country></cntaddr><cntvoice>703-648-5008</cntvoice><cntemail>jfalcone@usgs.gov</cntemail></cntinfo></ptcontac><native>Environment as of Metadata Creation: Microsoft Windows 7 Version 6.1 (Build 7601) Service Pack 1; Esri ArcGIS 10.3.1 (Build 4959) Service Pack N/A (Build N/A)</native></idinfo><dataqual><attracc><attraccr>Values were spot checked against source data.</attraccr></attracc><logic>No formal logical accuracy tests were conducted.</logic><complete>Data are complete</complete><posacc><horizpa><horizpar>A formal accuracy assessment of the horizontal positional information in the data set has not been conducted.</horizpar></horizpa><vertacc><vertaccr>A formal accuracy assessment of the vertical positional information in the data set has either not been conducted, or is not applicable.</vertaccr></vertacc></posacc><lineage><srcinfo><srccite><citeinfo><origin>James A. Falcone</origin><pubdate>20111012</pubdate><title>GAGES-II: Geospatial Attributes of Gages for Evaluating Streamflow</title><geoform>Digital Data Set</geoform><pubinfo><pubplace>online</pubplace><publish>U.S. Geological Survey</publish></pubinfo><onlink>https://water.usgs.gov/GIS/metadata/usgswrd/XML/gagesII_Sept2011.xml</onlink></citeinfo></srccite><typesrc>Digital and/or Hardcopy Resources</typesrc><srctime><timeinfo><sngdate><caldate>20111012</caldate></sngdate></timeinfo><srccurr>publication date</srccurr></srctime><srccitea>Falcone, 2011</srccitea><srccontr>Sites for which these data provide updated data.</srccontr></srcinfo><srcinfo><srccite><citeinfo><origin>U.S. Geological Survey</origin><pubdate>20161001</pubdate><title>County fresh-water withdrawal water use allocated to relevant land uses in the United States: 1985 to 2010</title><geoform>Raster Data Set</geoform><pubinfo><pubplace>online</pubplace><publish>U.S. Geological Survey</publish></pubinfo><onlink>http://dx.doi.org/10.5066/F7DJ5CR5</onlink></citeinfo></srccite><typesrc>Digital and/or Hardcopy Resources</typesrc><srctime><timeinfo><rngdates><begdate>19850101</begdate><enddate>20101231</enddate></rngdates></timeinfo><srccurr>ground condition</srccurr></srctime><srccitea>Falcone, 2016</srccitea><srccontr>Source data from which water use data were derived</srccontr></srcinfo><procstep><procdesc>(1) Source data were taken from Falcone, 2016 at http://dx.doi.org/10.5066/F7DJ5CR5.  These consist of six national rasters representing freshwater withdrawals in units of millions of gallons per day per square kilometer, for the six time periods 1985, 1990, 1995, 2000, 2005, and 2010.  The data represent county water use statistics allocated to land use pixels: see Falcone 2016 for details.</procdesc><procdate>20170112</procdate></procstep><procstep><procdesc>(2) Watershed averages were calculated using the "run_zonal.aml" script developed by Curtis Price of the U.S. Geological Survey. This tool calculated zonal statistics from raster datasets.</procdesc><procdate>20170413</procdate></procstep></lineage></dataqual><eainfo><detailed Name="WaterUse_1985-2010.txt"><enttyp><enttypl>Attribute Table for water use fresh water withdrawal watershed means, WaterUse_1985-2010.txt</enttypl><enttypd>Data consist of comma-separated text file</enttypd><enttypds>U.S. Geological Survey</enttypds></enttyp><attr><attrlabl>STAID</attrlabl><attrdef>Unique station identification number</attrdef><attrdefs>Corresponds to unique station identifier in GAGES-II</attrdefs><attrdomv><udom>Unique identifier for site</udom></attrdomv></attr><attr><attrlabl>wu1985</attrlabl><attrdef>Water use freshwater withdrawals in millions of gallons per day per square kilometer for 1985</attrdef><attrdefs>U.S. Geological Survey</attrdefs><attrdomv><rdom><rdommin>0.000</rdommin><rdommax>328.81</rdommax><attrunit>Millions of gallons per day per square kilometer</attrunit></rdom></attrdomv></attr><attr><attrlabl>wu1990</attrlabl><attrdef>Water use freshwater withdrawals in millions of gallons per day per square kilometer for 1990</attrdef><attrdefs>U.S. Geological Survey</attrdefs><attrdomv><rdom><rdommin>0.000</rdommin><rdommax>265.84</rdommax><attrunit>Millions of gallons per day per square kilometer</attrunit></rdom></attrdomv></attr><attr><attrlabl>wu1995</attrlabl><attrdef>Water use freshwater withdrawals in millions of gallons per day per square kilometer for 1995</attrdef><attrdefs>U.S. Geological Survey</attrdefs><attrdomv><rdom><rdommin>0.000</rdommin><rdommax>317.74</rdommax><attrunit>Millions of gallons per day per square kilometer</attrunit></rdom></attrdomv></attr><attr><attrlabl>wu2000</attrlabl><attrdef>Water use freshwater withdrawals in millions of gallons per day per square kilometer for 2000</attrdef><attrdefs>U.S. Geological Survey</attrdefs><attrdomv><rdom><rdommin>0.000</rdommin><rdommax>331.47</rdommax><attrunit>Millions of gallons per day per square kilometer</attrunit></rdom></attrdomv></attr><attr><attrlabl>wu2005</attrlabl><attrdef>Water use freshwater withdrawals in millions of gallons per day per square kilometer for 2005</attrdef><attrdefs>U.S. Geological Survey</attrdefs><attrdomv><rdom><rdommin>0.000</rdommin><rdommax>233.91</rdommax><attrunit>Millions of gallons per day per square kilometer</attrunit></rdom></attrdomv></attr><attr><attrlabl>wu2010</attrlabl><attrdef>Water use freshwater withdrawals in millions of gallons per day per square kilometer for 2010</attrdef><attrdefs>U.S. Geological Survey</attrdefs><attrdomv><rdom><rdommin>0.000</rdommin><rdommax>282.32</rdommax><attrunit>Millions of gallons per day per square kilometer</attrunit></rdom></attrdomv></attr></detailed></eainfo><distinfo><distrib><cntinfo><cntorgp><cntorg>US Geological Survey - ScienceBase</cntorg></cntorgp><cntaddr><addrtype>Mailing</addrtype><address>Denver Federal Center, Building 810, Mail Stop 302</address><city>Denver</city><state>CO</state><postal>80225</postal><country>USA</country></cntaddr><cntvoice>1-888-275-8747 (1-888-ASK-USGS)</cntvoice><cntemail>sciencebase@usgs.gov</cntemail></cntinfo></distrib><distliab>Although this data set has been used by the U.S. Geological
Survey, U.S. Department of the Interior, no warranty expressed or
implied is made by the U.S. Geological Survey as to the accuracy
of the data and related materials. The act of distribution shall not 
constitute any such warranty, and no responsibility is assumed by 
the U.S. Geological Survey in the use of this data, software, or 
related materials.
Any use of trade, product, or firm names is for descriptive 
purposes only and does not imply endorsement by the U.S. 
Government.</distliab><stdorder><digform><digtinfo><formname>Tabular Digital Data Set</formname></digtinfo><digtopt><onlinopt><computer><networka><networkr>https://doi.org/10.5066/F7HQ3XS4</networkr></networka></computer></onlinopt></digtopt></digform><fees>None. This dataset is provided by USGS as a public service.</fees></stdorder></distinfo><metainfo><metd>20170919</metd><metc><cntinfo><cntperp><cntper>James Falcone</cntper><cntorg>U.S. Geological Survey</cntorg></cntperp><cntpos>Ask USGS -- Water Webserver Team</cntpos><cntaddr><addrtype>Mailing</addrtype><address>12201 Sunrise Valley Dr., MS 413</address><city>Reston</city><state>VA</state><postal>20192</postal><country>USA</country></cntaddr><cntvoice>1-888-275-8747 (1-888-ASK-USGS)</cntvoice><cntemail>https://answers.usgs.gov/</cntemail></cntinfo></metc><metstdn>FGDC Content Standard for Digital Geospatial Metadata</metstdn><metstdv>FGDC-STD-001-1998</metstdv></metainfo></metadata>