<metadata><idinfo><citation><citeinfo><origin>James A. Falcone</origin><pubdate>2017</pubdate><title>Census of Agriculture data: U.S. Geological Survey GAGES-II time series data update</title><geoform>Comma-separated text file</geoform><onlink>https://doi.org/10.5066/F7HQ3XS4</onlink></citeinfo></citation><descript><abstract>This dataset consists of a table of data derived from the U.S. Department of Agriculture (USDA) Census of Agriculture (CoA) data as compiled by Falcone and LaMotte (2016) for the 9,067 conterminous United States sites of the U.S. Geological Survey (USGS) Geospatial Attributes of Gages for Evaluating Streamflow II (GAGES-II) dataset. The data include measures of crops, livestock, and land use. The data consist of time series covering the period 1950-2012 for 14 agricultural commodities and land uses: 10 of these represent production values per unit area, for example bushels of soybeans per square kilometer.  These 10 commodities represent chickens, corn for grain, corn for silage, cotton, cows, alfalfa-hay, hogs/pigs, sheep, soybeans, and wheat.  Four other variables represent the proportion of land in land uses: land on which commercial fertilizer is used, harvested cropland, irrigation, and orchards.  Each of the 14 variable types has data for seven time periods: 1950, 1964, 1974, 1982, 1992, 2002, and 2012. Data are derived from national 1-kilometer resolution rasters.</abstract><purpose>These data are intended as support for research efforts using the USGS GAGES-II sites.</purpose><supplinf>This dataset is in support of study sites in the GAGES-II dataset (Falcone, 2011) and based on the watershed boundaries published there. The calculations for the 10 commodities representing production values are derived from rasters in which county data were allocated to agricultural land use (Falcone and LaMotte, 2016, LaMotte, 2015), based on land use rasters from the NAWQA Wall-to-wall Anthropogenic Landuse Trends (NWALT) dataset (Falcone, 2015; Falcone 2016). The calculations for the four land uses (fertilized land, harvested cropland, irrigation, and orchards) are from rasters based on county level data.  The source data are described in Falcone and LaMotte (2016).
References:
Falcone, J.A., 2011, GAGES-II:  Geospatial Attributes of Gages for Evaluating Streamflow, U.S. Geological Survey digital spatial data set, http://water.usgs.gov/GIS/metadata/usgswrd/XML/gagesII_Sept2011.xml.
Falcone, J.A., 2015, U.S. conterminous wall-to-wall anthropogenic land use trends (NWALT), 1974–2012: U.S. Geological Survey Data Series 948, 33 p. plus appendixes 3–6 as separate files, http://dx.doi.org/10.3133/ds948.
Falcone, J.A., and LaMotte, A.E., 2016, National 1-kilometer rasters of selected Census of Agriculture statistics allocated to land use for the time period 1950 to 2012: U.S. Geological Survey data release, https://doi.org/10.5066/F70R9MHS.
Falcone, J.A., 2016, Mapping enhanced grazing potential based on the NAWQA Wall-to-wall Anthropogenic Land-use Trends (NWALT) product, 1974-2012: U.S. Geological Survey data release, http://dx.doi.org/10.5066/F7CR5RFF.
LaMotte, A.E., 2015. Selected items from the Census of Agriculture at the county level for the conterminous United States, 1950-2012. U.S. Geological Survey data release, http://dx.doi.org/10.5066/F7H13016.</supplinf></descript><timeperd><timeinfo><rngdates><begdate>19500101</begdate><enddate>20121231</enddate></rngdates></timeinfo><current>observed</current></timeperd><status><progress>Complete</progress><update>As needed</update></status><spdom><bounding><westbc>-124.732770</westbc><eastbc>-66.969271</eastbc><northbc>49.371730</northbc><southbc>24.956376</southbc></bounding></spdom><keywords><theme><themekt>None</themekt><themekey>inlandWaters</themekey><themekey>GAGES-II</themekey><themekey>Agriculture</themekey><themekey>Land use</themekey><themekey>Crops</themekey><themekey>Farmland</themekey><themekey>Census of Agriculture</themekey><themekey>Soybeans</themekey><themekey>Corn</themekey><themekey>Wheat</themekey><themekey>Harvested cropland</themekey><themekey>Irrigation</themekey><themekey>Orchards</themekey><themekey>Fertilizer</themekey><themekey>Cows and cattle</themekey><themekey>Hogs and pigs</themekey><themekey>Sheep</themekey><themekey>Chickens</themekey></theme><place><placekt>None</placekt><placekey>United States</placekey><placekey>Conterminous U.S.</placekey></place></keywords><accconst>None. Please see 'Distribution Info' for details.</accconst><useconst>None.</useconst><ptcontac><cntinfo><cntorgp><cntorg>U.S. Geological Survey</cntorg><cntper>James Falcone</cntper></cntorgp><cntaddr><addrtype>Mailing</addrtype><address>12201 Sunrise Valley Dr.</address><address>MS 413 National Center</address><city>Reston</city><state>VA</state><postal>20192</postal><country>USA</country></cntaddr><cntvoice>703-648-5008</cntvoice><cntemail>jfalcone@usgs.gov</cntemail></cntinfo></ptcontac><native>Environment as of Metadata Creation: Microsoft Windows 7 Version 6.1 (Build 7601) Service Pack 1; Esri ArcGIS 10.3.1 (Build 4959) Service Pack N/A (Build N/A)</native></idinfo><dataqual><attracc><attraccr>Values were spot checked against source data.</attraccr></attracc><logic>No formal logical accuracy tests were conducted.</logic><complete>Data are complete</complete><posacc><horizpa><horizpar>A formal accuracy assessment of the horizontal positional information in the data set has not been conducted.</horizpar></horizpa><vertacc><vertaccr>A formal accuracy assessment of the vertical positional information in the data set has either not been conducted, or is not applicable.</vertaccr></vertacc></posacc><lineage><srcinfo><srccite><citeinfo><origin>James A. Falcone</origin><pubdate>20111012</pubdate><title>GAGES-II: Geospatial Attributes of Gages for Evaluating Streamflow</title><geoform>Digital Data Set</geoform><pubinfo><pubplace>online</pubplace><publish>U.S. Geological Survey</publish></pubinfo><onlink>https://water.usgs.gov/GIS/metadata/usgswrd/XML/gagesII_Sept2011.xml</onlink></citeinfo></srccite><typesrc>Digital and/or Hardcopy Resources</typesrc><srctime><timeinfo><sngdate><caldate>20111012</caldate></sngdate></timeinfo><srccurr>publication date</srccurr></srctime><srccitea>Falcone, 2011</srccitea><srccontr>Sites for which these data provide updated data.</srccontr></srcinfo><procstep><procdesc>(1) Source rasters were downloaded from Falcone and LaMotte (2016). For the 10 production variables noted in the abstract, these were county-level rasters of production values for crops and livestock per square kilometer, based on county-level data allocated to land use pixels for the appropriate time period from the NAWQA Wall-to-wall Anthropogenic Landuse Trends (NWALT) dataset (Falcone, 2015; Falcone, 2016). For the four land use related variables these were county-level rasters not allocated to land use pixels. See Falcone and LaMotte (2016). These data had in turn been created from tabular data in LaMotte (2015).</procdesc><procdate>20160922</procdate></procstep><procstep><procdesc>(2) Watershed averages were calculated using the "run_zonal.aml" script developed by Curtis Price of the U.S. Geological Survey. This tool calculated zonal statistics from raster datasets.</procdesc><procdate>20170401</procdate></procstep></lineage></dataqual><eainfo><detailed Name="CensusOfAgriculture_1950-2012.txt"><enttyp><enttypl>Attribute Table for Census of Agriculture data, CensusOfAgriculture_1950-2012.txt</enttypl><enttypd>Data consist of a comma-separated text file, which contains data for agricultural related information.</enttypd><enttypds>U.S. Geological Survey</enttypds></enttyp><attr><attrlabl>STAID</attrlabl><attrdef>Unique station identification number</attrdef><attrdefs>Corresponds to unique station identifier in GAGES-II</attrdefs><attrdomv><udom>Unique identifier for site</udom></attrdomv></attr><attr><attrlabl>chickXXXXinv</attrlabl><attrdef>Chickens per square kilometer, for year XXXX (1950-2012). Based on census-time inventory of animals; excludes animals sold during the year.</attrdef><attrdefs>U.S. Department of Agriculture, Falcone and LaMotte (2016), and LaMotte (2015)</attrdefs><attrdomv><rdom><rdommin>0.0</rdommin><rdommax>6302.84</rdommax><attrunit>Chickens per square kilometer</attrunit></rdom></attrdomv></attr><attr><attrlabl>corngXXXX</attrlabl><attrdef>Bushels of corn for grain per square kilometer, for year XXXX (1950-2012).</attrdef><attrdefs>U.S. Department of Agriculture, Falcone and LaMotte (2016), and LaMotte (2015)</attrdefs><attrdomv><rdom><rdommin>0.0</rdommin><rdommax>23659.4</rdommax><attrunit>Bushels per square kilometer</attrunit></rdom></attrdomv></attr><attr><attrlabl>cornsXXXX</attrlabl><attrdef>Corn for silage or green chop in units of green tons per square kilometer, for year XXXX (1950-2012).</attrdef><attrdefs>U.S. Department of Agriculture, Falcone and LaMotte (2016), and LaMotte (2015)</attrdefs><attrdomv><rdom><rdommin>0.0</rdommin><rdommax>1066.10</rdommax><attrunit>Green tons per square kilometer</attrunit></rdom></attrdomv></attr><attr><attrlabl>cottonXXXX</attrlabl><attrdef>Cotton in units of bales per square kilometer, for year XXXX (1950-2012).</attrdef><attrdefs>U.S. Department of Agriculture, Falcone and LaMotte (2016), and LaMotte (2015)</attrdefs><attrdomv><rdom><rdommin>0.0</rdommin><rdommax>123.24</rdommax><attrunit>Bales per square kilometer</attrunit></rdom></attrdomv></attr><attr><attrlabl>cowsXXXXinv</attrlabl><attrdef>Cows and cattle per square kilometer, for year XXXX (1950-2012). Based on census-time inventory of animals; excludes animals sold during the year.</attrdef><attrdefs>U.S. Department of Agriculture, Falcone and LaMotte (2016), and LaMotte (2015)</attrdefs><attrdomv><rdom><rdommin>0.0</rdommin><rdommax>202.12</rdommax><attrunit>Cows and cattle per square kilometer</attrunit></rdom></attrdomv></attr><attr><attrlabl>fertXXXX</attrlabl><attrdef>Proportion of watershed in land on which commercial fertilizer was applied, for year XXXX (1950-2012).</attrdef><attrdefs>U.S. Department of Agriculture, Falcone and LaMotte (2016), and LaMotte (2015)</attrdefs><attrdomv><rdom><rdommin>0.0000</rdommin><rdommax>0.8348</rdommax><attrunit>Proportion of watershed</attrunit></rdom></attrdomv></attr><attr><attrlabl>hayalfXXXX</attrlabl><attrdef>Hay-alfalfa in units of dry tons per square kilometer, for year XXXX (1950-2012).</attrdef><attrdefs>U.S. Department of Agriculture, Falcone and LaMotte (2016), and LaMotte (2015)</attrdefs><attrdomv><rdom><rdommin>0.0</rdommin><rdommax>194.64</rdommax><attrunit>Dry tons per square kilometer</attrunit></rdom></attrdomv></attr><attr><attrlabl>hcropXXXX</attrlabl><attrdef>Proportion of watershed in all harvested crops, for year XXXX (1950-2012).</attrdef><attrdefs>U.S. Department of Agriculture, Falcone and LaMotte (2016), and LaMotte (2015)</attrdefs><attrdomv><rdom><rdommin>0.0000</rdommin><rdommax>0.9408</rdommax><attrunit>Proportion of watershed</attrunit></rdom></attrdomv></attr><attr><attrlabl>hogsXXXXinv</attrlabl><attrdef>Hogs and pigs per square kilometer, for year XXXX (1950-2012). Based on census-time inventory of animals; excludes animals sold during the year.</attrdef><attrdefs>U.S. Department of Agriculture, Falcone and LaMotte (2016), and LaMotte (2015)</attrdefs><attrdomv><rdom><rdommin>0.0</rdommin><rdommax>1070.63</rdommax><attrunit>Hogs and pigs per square kilometer</attrunit></rdom></attrdomv></attr><attr><attrlabl>irrigXXXX</attrlabl><attrdef>Proportion of watershed in irrigated land, for year XXXX (1950-2012).</attrdef><attrdefs>U.S. Department of Agriculture, Falcone and LaMotte (2016), and LaMotte (2015)</attrdefs><attrdomv><rdom><rdommin>0.0000</rdommin><rdommax>0.6793</rdommax><attrunit>Proportion of watershed</attrunit></rdom></attrdomv></attr><attr><attrlabl>orchXXXX</attrlabl><attrdef>Proportion of watershed in orchards, for year XXXX (1950-2012).</attrdef><attrdefs>U.S. Department of Agriculture, Falcone and LaMotte (2016), and LaMotte (2015)</attrdefs><attrdomv><rdom><rdommin>0.0000</rdommin><rdommax>0.4647</rdommax><attrunit>Proportion of watershed</attrunit></rdom></attrdomv></attr><attr><attrlabl>sheepXXXXinv</attrlabl><attrdef>Sheep per square kilometer, for year XXXX (1950-2012). Based on census-time inventory of animals; excludes animals sold during the year.</attrdef><attrdefs>U.S. Department of Agriculture, Falcone and LaMotte (2016), and LaMotte (2015)</attrdefs><attrdomv><rdom><rdommin>0.0</rdommin><rdommax>165.71</rdommax><attrunit>Sheep per square kilometer</attrunit></rdom></attrdomv></attr><attr><attrlabl>soybXXXX</attrlabl><attrdef>Bushels of soybeans per square kilometer, for year XXXX (1950-2012).</attrdef><attrdefs>U.S. Department of Agriculture, Falcone and LaMotte (2016), and LaMotte (2015)</attrdefs><attrdomv><rdom><rdommin>0.0</rdommin><rdommax>5888.63</rdommax><attrunit>Bushels per square kilometer</attrunit></rdom></attrdomv></attr><attr><attrlabl>wheatbXXXX</attrlabl><attrdef>Bushels of wheat (all types) per square kilometer, for year XXXX (1950-2012).</attrdef><attrdefs>U.S. Department of Agriculture, Falcone and LaMotte (2016), and LaMotte (2015)</attrdefs><attrdomv><rdom><rdommin>0.0</rdommin><rdommax>6575.27</rdommax><attrunit>Bushels per square kilometer</attrunit></rdom></attrdomv></attr></detailed></eainfo><distinfo><distrib><cntinfo><cntorgp><cntorg>US Geological Survey - ScienceBase</cntorg></cntorgp><cntaddr><addrtype>Mailing</addrtype><address>Denver Federal Center, Building 810, Mail Stop 302</address><city>Denver</city><state>CO</state><postal>80225</postal><country>USA</country></cntaddr><cntvoice>1-888-275-8747 (1-888-ASK-USGS)</cntvoice><cntemail>sciencebase@usgs.gov</cntemail></cntinfo></distrib><distliab>Although this data set has been used by the U.S. Geological
Survey, U.S. Department of the Interior, no warranty expressed or
implied is made by the U.S. Geological Survey as to the accuracy
of the data and related materials. The act of distribution shall not 
constitute any such warranty, and no responsibility is assumed by 
the U.S. Geological Survey in the use of this data, software, or 
related materials.
Any use of trade, product, or firm names is for descriptive 
purposes only and does not imply endorsement by the U.S. 
Government.</distliab><stdorder><digform><digtinfo><formname>Tabular Digital Data Set</formname></digtinfo><digtopt><onlinopt><computer><networka><networkr>https://doi.org/10.5066/F7HQ3XS4</networkr></networka></computer></onlinopt></digtopt></digform><fees>None. This dataset is provided by USGS as a public service.</fees></stdorder></distinfo><metainfo><metd>20170915</metd><metc><cntinfo><cntperp><cntper>James Falcone</cntper><cntorg>U.S. Geological Survey</cntorg></cntperp><cntpos>Ask USGS -- Water Webserver Team</cntpos><cntaddr><addrtype>Mailing</addrtype><address>12201 Sunrise Valley Dr., MS 413</address><city>Reston</city><state>VA</state><postal>20192</postal><country>USA</country></cntaddr><cntvoice>1-888-275-8747 (1-888-ASK-USGS)</cntvoice><cntemail>https://answers.usgs.gov/</cntemail></cntinfo></metc><metstdn>FGDC Content Standard for Digital Geospatial Metadata</metstdn><metstdv>FGDC-STD-001-1998</metstdv></metainfo></metadata>