<metadata><idinfo><citation><citeinfo><origin>James A. Falcone</origin><pubdate>2017</pubdate><title>Peak Streamflow Codes, Anthropogenic Influences: U.S. Geological Survey GAGES-II time series data update</title><geoform>Comma-separated text file</geoform><onlink>https://doi.org/10.5066/F7HQ3XS4</onlink></citeinfo></citation><descript><abstract>This dataset consists of a table with information regarding anthropogenic influences from qualification codes that are part of the U.S. Geological Survey's (USGS) National Water Information System (NWIS) for sites in the Geospatial Attributes of Gages for Evaluating Streamflow II (GAGES-II) dataset. The table provides begin and end years for anthropogenic streamflow influences derived from three NWIS Peak Streamflow qualification codes; for example in what years (or if it continues) the flow record has been affected by regulation or diversion.  The information here should be considered as supplemental information, and a partial list of these influences.  That is, there are likely some sites here which have Regulation, Diversion, or Land Use effects not flagged in this file.</abstract><purpose>These data are intended as support for research efforts using the USGS GAGES-II sites.</purpose><supplinf>This dataset is in support of study sites in the GAGES-II dataset (Falcone, 2011) and based on the watershed boundaries published there.
The data were retrieved and compiled by David Wolock of the U.S. Geological Survey in late December, 2015 (personal communication, D. Wolock, December, 2015), from https://nwis.waterdata.usgs.gov/usa/nwis/peak.  Peak flow qualification codes are entered into NWIS by local USGS Water Science Centers and therefore may not necessarily be consistently represented across all states.  Begin and end years are provided here for three qualification codes: code #5, "Discharge affected to unknown degree by Regulation or Diversion", code #6, "Discharge affected by Regulation or Diversion", and code #C, "All or part of the record affected by Urbanization, Mining, Agricultural changes, Channelization, or other" (see below for list of all codes).  In addition to those six columns (begin and end years for each of those three codes), the begin and end years of all peak streamflow is given.  The end year of a qualification code may be compared to the end year of all streamflow as an indication of whether or not the influence likely continues beyond the stated end year. For example, for station 12128000, code #5 and #C have end years of 2012, and the streamflow end year is also 2012.  It is likely safe to assume that streamflow data beyond 2012 is also affected by the same anthropogenic influences at this site.  For informational purposes, the full list of all peak flow qualification codes is provided here; but again, only data for #5, #6, and #C are given in this dataset:
#   1 ... Discharge is a Maximum Daily Average
#   2 ... Discharge is an Estimate
#   3 ... Discharge affected by Dam Failure
#   4 ... Discharge less than indicated value,  which is Minimum Recordable Discharge at this site
#   5 ... Discharge affected to unknown degree by  Regulation or Diversion
#   6 ... Discharge affected by Regulation or Diversion
#   7 ... Discharge is an Historic Peak
#   8 ... Discharge actually greater than indicated value
#   9 ... Discharge due to Snowmelt, Hurricane,  Ice-Jam or Debris Dam breakup
#   A ... Year of occurrence is unknown or not exact
#   B ... Month or Day of occurrence is unknown or not exact
#   C ... All or part of the record affected by Urbanization, Mining, Agricultural changes, Channelization, or other
#   D ... Base Discharge changed during this year
#   E ... Only Annual Maximum Peak available for this year
The data in this dataset should be interpreted as supplemental.  A lack of qualification codes for a site does not necessarily mean there are no regulation, diversion, urbanization, or other anthropogenic influences.
Unlike the other datasets in this Data Release, the data here are provided for all GAGES-II sites, not just the conterminous U.S. sites. 
References:
Falcone, J.A., 2011, GAGES-II:  Geospatial Attributes of Gages for Evaluating Streamflow, U.S. Geological Survey, digital spatial data set, http://water.usgs.gov/GIS/metadata/usgswrd/XML/gagesII_Sept2011.xml.
U.S. Geological Survey - National Water Information System (NWIS); Site Information, 2015, http://dx.doi.org/10.5066/F7P55KJN, Peak Streamflow Qualification Codes accessed in December 2015 at http://nwis.waterdata.usgs.gov/usa/nwis/peak.</supplinf></descript><timeperd><timeinfo><rngdates><begdate>17570101</begdate><enddate>20151231</enddate></rngdates></timeinfo><current>observed</current></timeperd><status><progress>Complete</progress><update>As needed</update></status><spdom><bounding><westbc>-159.883</westbc><eastbc>-65.551</eastbc><northbc>70.636</northbc><southbc>17.621</southbc></bounding></spdom><keywords><theme><themekt>None</themekt><themekey>inlandWaters</themekey><themekey>GAGES-II</themekey><themekey>Streamflow qualification codes</themekey></theme><place><placekt>None</placekt><placekey>United States</placekey><placekey>Conterminous United States</placekey><placekey>Alaska</placekey><placekey>Hawaii</placekey><placekey>Puerto Rico</placekey></place></keywords><accconst>None. Please see 'Distribution Info' for details.</accconst><useconst>None</useconst><ptcontac><cntinfo><cntorgp><cntorg>US Geological Survey</cntorg><cntper>James Falcone</cntper></cntorgp><cntaddr><addrtype>Mailing</addrtype><address>12201 Sunrise Valley Dr.</address><address>MS 413 National Center</address><city>Reston</city><state>VA</state><postal>20192</postal><country>USA</country></cntaddr><cntvoice>703-648-5008</cntvoice><cntemail>jfalcone@usgs.gov</cntemail></cntinfo></ptcontac><native>Environment as of Metadata Creation: Microsoft Windows 7 Version 6.1 (Build 7601) Service Pack 1; Esri ArcGIS 10.3.1 (Build 4959) Service Pack N/A (Build N/A)</native></idinfo><dataqual><attracc><attraccr>Values were spot checked against source data.</attraccr></attracc><logic>No formal logical accuracy tests were conducted.</logic><complete>Data are complete</complete><posacc><horizpa><horizpar>A formal accuracy assessment of the horizontal positional information in the data set has not been conducted.</horizpar></horizpa><vertacc><vertaccr>A formal accuracy assessment of the vertical positional information in the data set has either not been conducted, or is not applicable.</vertaccr></vertacc></posacc><lineage><srcinfo><srccite><citeinfo><origin>James A. Falcone</origin><pubdate>20111012</pubdate><title>GAGES-II: Geospatial Attributes of Gages for Evaluating Streamflow</title><geoform>Digital Data Set</geoform><pubinfo><pubplace>online</pubplace><publish>U.S. Geological Survey</publish></pubinfo><onlink>https://water.usgs.gov/GIS/metadata/usgswrd/XML/gagesII_Sept2011.xml</onlink></citeinfo></srccite><typesrc>Digital and/or Hardcopy Resources</typesrc><srctime><timeinfo><sngdate><caldate>20111012</caldate></sngdate></timeinfo><srccurr>publication date</srccurr></srctime><srccitea>Falcone, 2011</srccitea><srccontr>Sites for which these data provide updated data.</srccontr></srcinfo><srcinfo><srccite><citeinfo><origin>U.S. Geological Survey</origin><pubdate>20151231</pubdate><title>U.S. Geological Survey National Water Information System (NWIS)</title><geoform>Digital Data Set</geoform><pubinfo><pubplace>online</pubplace><publish>U.S. Geological Survey</publish></pubinfo><onlink>http://dx.doi.org/10.5066/F7P55KJN</onlink></citeinfo></srccite><typesrc>Digital and/or Hardcopy Resources</typesrc><srctime><timeinfo><rngdates><begdate>20150101</begdate><enddate>20151231</enddate></rngdates></timeinfo><srccurr>publication date</srccurr></srctime><srccitea>U.S. Geological Survey, 2015</srccitea><srccontr>USGS NWIS database which contains peak streamflow qualification codes</srccontr></srcinfo><procstep><procdesc>Data were provided by David Wolock of the USGS (personal communication, D. Wolock, December, 2015), retrieved from NWIS at http://nwis.waterdata.usgs.gov/usa/nwis/peak in late December 2015.</procdesc><procdate>20151231</procdate></procstep><procstep><procdesc>Values of 0 indicate the site is in NWIS but no qualification given for that code.  Blank values indicate the site was not retrievable from the NWIS Peak Streamflow database (a small number of sites).</procdesc><procdate>20151231</procdate></procstep></lineage></dataqual><eainfo><detailed Name="PeakFlow_Codes-AnthroInfl.txt"><enttyp><enttypl>Attribute Table for years of peak streamflow qualification codes, PeakFlow_Codes-AnthroInfl.txt.</enttypl><enttypd>Data consist of a comma-separated text file..</enttypd><enttypds>U.S. Geological Survey</enttypds></enttyp><attr><attrlabl>STAID</attrlabl><attrdef>Unique station identification number</attrdef><attrdefs>Corresponds to unique station identifier in GAGES-II</attrdefs><attrdomv><udom>Unique identifier for site</udom></attrdomv></attr><attr><attrlabl>peak_yr1q5</attrlabl><attrdef>Begin year of q5 code: Discharge affected to unknown degree by  Regulation or Diversion</attrdef><attrdefs>U.S. Geological Survey</attrdefs><attrdomv><rdom><rdommin>0</rdommin><rdommax>2014</rdommax><attrunit>Year. Values of 0 indicate the site is in NWIS but no qualification given for that code</attrunit></rdom></attrdomv></attr><attr><attrlabl>peak_yrnq5</attrlabl><attrdef>End year of q5 code: Discharge affected to unknown degree by Regulation or Diversion</attrdef><attrdefs>U.S. Geological Survey</attrdefs><attrdomv><rdom><rdommin>0</rdommin><rdommax>2015</rdommax><attrunit>Year. Values of 0 indicate the site is in NWIS but no qualification given for that code</attrunit></rdom></attrdomv></attr><attr><attrlabl>peak_yr1q6</attrlabl><attrdef>Begin year of q6 code: Discharge affected by Regulation or Diversion</attrdef><attrdefs>U.S. Geological Survey</attrdefs><attrdomv><rdom><rdommin>0</rdommin><rdommax>2015</rdommax><attrunit>Year. Values of 0 indicate the site is in NWIS but no qualification given for that code</attrunit></rdom></attrdomv></attr><attr><attrlabl>peak_yrnq6</attrlabl><attrdef>End year of q6 code: Discharge affected by Regulation or Diversion</attrdef><attrdefs>U.S. Geological Survey</attrdefs><attrdomv><rdom><rdommin>0</rdommin><rdommax>2015</rdommax><attrunit>Year. Values of 0 indicate the site is in NWIS but no qualification given for that code</attrunit></rdom></attrdomv></attr><attr><attrlabl>peak_yr1qC</attrlabl><attrdef>Begin year of qC code: All or part of the record affected by Urbanization, Mining, Agricultural changes, Channelization, or other</attrdef><attrdefs>U.S. Geological Survey</attrdefs><attrdomv><rdom><rdommin>0</rdommin><rdommax>2015</rdommax><attrunit>Year. Values of 0 indicate the site is in NWIS but no qualification given for that code</attrunit></rdom></attrdomv></attr><attr><attrlabl>peak_yrnqC</attrlabl><attrdef>End year of qC code: All or part of the record affected by Urbanization, Mining, Agricultural changes, Channelization, or other</attrdef><attrdefs>U.S. Geological Survey</attrdefs><attrdomv><rdom><rdommin>0</rdommin><rdommax>2015</rdommax><attrunit>Year. Values of 0 indicate the site is in NWIS but no qualification given for that code</attrunit></rdom></attrdomv></attr><attr><attrlabl>peak_yr1</attrlabl><attrdef>Begin year of peak streamflow data</attrdef><attrdefs>U.S. Geological Survey</attrdefs><attrdomv><rdom><rdommin>1757</rdommin><rdommax>2014</rdommax><attrunit>Year</attrunit></rdom></attrdomv></attr><attr><attrlabl>peak_yrn</attrlabl><attrdef>End year of peak streamflow data</attrdef><attrdefs>U.S. Geological Survey</attrdefs><attrdomv><rdom><rdommin>1929</rdommin><rdommax>2015</rdommax><attrunit>Year</attrunit></rdom></attrdomv></attr></detailed></eainfo><distinfo><distrib><cntinfo><cntorgp><cntorg>US Geological Survey - ScienceBase</cntorg></cntorgp><cntaddr><addrtype>Mailing</addrtype><address>Denver Federal Center, Building 810, Mail Stop 302</address><city>Denver</city><state>CO</state><postal>80225</postal><country>USA</country></cntaddr><cntvoice>1-888-275-8747 (1-888-ASK-USGS)</cntvoice><cntemail>sciencebase@usgs.gov</cntemail></cntinfo></distrib><distliab>Although this data set has been used by the U.S. Geological
Survey, U.S. Department of the Interior, no warranty expressed or
implied is made by the U.S. Geological Survey as to the accuracy
of the data and related materials. The act of distribution shall not 
constitute any such warranty, and no responsibility is assumed by 
the U.S. Geological Survey in the use of this data, software, or 
related materials.
Any use of trade, product, or firm names is for descriptive 
purposes only and does not imply endorsement by the U.S. 
Government.</distliab><stdorder><digform><digtinfo><formname>Tabular Digital Data Set</formname></digtinfo><digtopt><onlinopt><computer><networka><networkr>https://doi.org/10.5066/F7HQ3XS4</networkr></networka></computer></onlinopt></digtopt></digform><fees>None. This dataset is provided by USGS as a public service.</fees></stdorder></distinfo><metainfo><metd>20170919</metd><metc><cntinfo><cntperp><cntper>James Falcone</cntper><cntorg>U.S. Geological Survey</cntorg></cntperp><cntpos>Ask USGS -- Water Webserver Team</cntpos><cntaddr><addrtype>Mailing</addrtype><address>12201 Sunrise Valley Dr., MS 413</address><city>Reston</city><state>VA</state><postal>20192</postal><country>USA</country></cntaddr><cntvoice>1-888-275-8747 (1-888-ASK-USGS)</cntvoice><cntemail>https://answers.usgs.gov/</cntemail></cntinfo></metc><metstdn>FGDC Content Standard for Digital Geospatial Metadata</metstdn><metstdv>FGDC-STD-001-1998</metstdv></metainfo></metadata>