<metadata><idinfo><citation><citeinfo><origin>James A. Falcone</origin><pubdate>2017</pubdate><title>Dam Removals: U.S. Geological Survey GAGES-II time series data update</title><geoform>Comma-separated text file</geoform><onlink>https://doi.org/10.5066/F7HQ3XS4</onlink></citeinfo></citation><descript><abstract>This dataset consists of a table with a list of known dam removals for the conterminous United States sites of the U.S. Geological Survey (USGS) Geospatial Attributes of Gages for Evaluating Streamflow II (GAGES-II) dataset.  The dam removal locations and information were provided by American Rivers in December of 2014, then intersected with GAGES-II watersheds.  Two records were added manually, as taken from Annual Data Report records published in GAGES-II.</abstract><purpose>These data are intended as support for research efforts using the USGS GAGES-II sites.</purpose><supplinf>This dataset is in support of study sites in the GAGES-II dataset (Falcone, 2011) and based on the watershed boundaries published there.
References:
American Rivers, 2014, Dams removed in the United States, 1930–2014, American Rivers digital data, accessed December 18, 2014, at https://www.americanrivers.org/threats-solutions/restoring-damaged-rivers/dam-removal-map/.
Falcone, J.A., 2011, GAGES-II:  Geospatial Attributes of Gages for Evaluating Streamflow, U.S. Geological Survey digital spatial data set, http://water.usgs.gov/GIS/metadata/usgswrd/XML/gagesII_Sept2011.xml.</supplinf></descript><timeperd><timeinfo><rngdates><begdate>19310101</begdate><enddate>20131231</enddate></rngdates></timeinfo><current>observed</current></timeperd><status><progress>Complete</progress><update>As needed</update></status><spdom><bounding><westbc>-124.732770</westbc><eastbc>-66.969271</eastbc><northbc>49.371730</northbc><southbc>24.956376</southbc></bounding></spdom><keywords><theme><themekt>None</themekt><themekey>inlandWaters</themekey><themekey>GAGES-II</themekey><themekey>Dam Removals</themekey></theme><place><placekt>None</placekt><placekey>United States</placekey><placekey>Conterminous U.S.</placekey></place></keywords><accconst>None. Please see 'Distribution Info' for details.</accconst><useconst>None.</useconst><ptcontac><cntinfo><cntorgp><cntorg>US Geological Survey</cntorg><cntper>James Falcone</cntper></cntorgp><cntaddr><addrtype>Mailing</addrtype><address>12201 Sunrise Valley Dr.</address><address>MS 413 National Center</address><city>Reston</city><state>VA</state><postal>20192</postal><country>USA</country></cntaddr><cntvoice>703-648-5008</cntvoice><cntemail>jfalcone@usgs.gov</cntemail></cntinfo></ptcontac><native>Environment as of Metadata Creation: Microsoft Windows 7 Version 6.1 (Build 7601) Service Pack 1; Esri ArcGIS 10.3.1 (Build 4959) Service Pack N/A (Build N/A)</native></idinfo><dataqual><attracc><attraccr>Values were spot checked against source data.</attraccr></attracc><logic>No formal logical accuracy tests were conducted.</logic><complete>Data are complete</complete><posacc><horizpa><horizpar>A formal accuracy assessment of the horizontal positional information in the data set has not been conducted.</horizpar></horizpa><vertacc><vertaccr>A formal accuracy assessment of the vertical positional information in the data set has either not been conducted, or is not applicable.</vertaccr></vertacc></posacc><lineage><srcinfo><srccite><citeinfo><origin>James A. Falcone</origin><pubdate>20111012</pubdate><title>GAGES-II: Geospatial Attributes of Gages for Evaluating Streamflow</title><geoform>Digital Data Set</geoform><pubinfo><pubplace>online</pubplace><publish>U.S. Geological Survey</publish></pubinfo><onlink>https://water.usgs.gov/GIS/metadata/usgswrd/XML/gagesII_Sept2011.xml</onlink></citeinfo></srccite><typesrc>Digital and/or Hardcopy Resources</typesrc><srctime><timeinfo><sngdate><caldate>20111012</caldate></sngdate></timeinfo><srccurr>publication date</srccurr></srctime><srccitea>Falcone, 2011</srccitea><srccontr>Sites for which these data provide updated data.</srccontr></srcinfo><srcinfo><srccite><citeinfo><origin>American Rivers</origin><pubdate>20141218</pubdate><title>Dams removed in the United States, 1930–2014</title><geoform>Digital Data Set</geoform><pubinfo><pubplace>online</pubplace><publish>American Rivers</publish></pubinfo><onlink>https://www.americanrivers.org/threats-solutions/restoring-damaged-rivers/dam-removal-map/</onlink></citeinfo></srccite><typesrc>Digital and/or Hardcopy Resources</typesrc><srctime><timeinfo><rngdates><begdate>19310101</begdate><enddate>20131231</enddate></rngdates></timeinfo><srccurr>observed</srccurr></srctime><srccitea>American Rivers, 2014</srccitea><srccontr>Dam removals locations and information provided by American Rivers</srccontr></srcinfo><procstep><procdesc>(1) A list of dam removal locations and related information were provided by American Rivers (americanrivers.org) in December, 2014. The fields provided for these included latitude/longitude, year-removed, location (county or nearby city), river basin, state.  Not all fields were populated. Those sites without latitude/longitude and without year-removed information were eliminated, leaving a set of 668 point locations.  These were limited to the conterminous U.S.</procdesc><procdate>20150801</procdate></procstep><procstep><procdesc>(2) The dam removal points were intersected against GAGES-II watersheds.  Only those GAGES-II sites with a dam removal are given in this dataset.  The data here represent a one-to-many relationship with dam removals: a GAGES-II site may have one or more dam removals in this table.</procdesc><procdate>20150812</procdate></procstep><procstep><procdesc>(3) Two dam removals were added manually to this list, from comments in the GAGES-II Annual Data Reports (ADR), which are published as part of GAGES-II.  These are a dam removal in 1982 in watershed 01399510, and one for 1969 in watershed 04122000.  These two records are flagged with "ADR comment" in the Location field comment.</procdesc><procdate>20150812</procdate></procstep><procstep><procdesc>(4) The data presented here should be considered the best-available data for the time they were acquired, but do not necessarily represent a complete or nationally-consistent representation of all dams removed in this period.  The data are somewhat skewed geographically, particularly towards the Upper Midwest and North East: there are many dam removals in a handful of states, namely Pennsylvania (209 of 668), Wisconsin (71 or 668), then no other state having more than 30 dam removals.  Ten states have no dam removals in the data used for this processing (AZ, DE, KS, LA, MS, ND, NE, NV, OK, and WV).</procdesc><procdate>20150812</procdate></procstep></lineage></dataqual><eainfo><detailed Name="DamRemovals.txt"><enttyp><enttypl>Attribute Table for dam removal information</enttypl><enttypd>Data consist of a comma-separated text file</enttypd><enttypds>U.S. Geological Survey</enttypds></enttyp><attr><attrlabl>STAID</attrlabl><attrdef>Unique station identification number</attrdef><attrdefs>Corresponds to unique station identifier in GAGES-II</attrdefs><attrdomv><udom>Unique identifier for site</udom></attrdomv></attr><attr><attrlabl>YearDamRemoved</attrlabl><attrdef>The year the dam was removed.</attrdef><attrdefs>American Rivers</attrdefs><attrdomv><rdom><rdommin>1931</rdommin><rdommax>2013</rdommax><attrunit>Year dam removed</attrunit></rdom></attrdomv></attr><attr><attrlabl>Dam_Latitude</attrlabl><attrdef>Dam latitude in decimal degrees, datum NAD83</attrdef><attrdefs>American Rivers</attrdefs><attrdomv><rdom><rdommin>28.569396</rdommin><rdommax>48.001750</rdommax><attrunit>Decimal degrees</attrunit></rdom></attrdomv></attr><attr><attrlabl>Dam_Longitude</attrlabl><attrdef>Dam longitude in decimal degrees, datum NAD83</attrdef><attrdefs>American Rivers</attrdefs><attrdomv><rdom><rdommin>-123.956202</rdommin><rdommax>-67.774724</rdommax><attrunit>Decimal degrees</attrunit></rdom></attrdomv></attr><attr><attrlabl>Location</attrlabl><attrdef>Text information on general location of dam.</attrdef><attrdefs>American Rivers</attrdefs><attrdomv><udom>Text</udom></attrdomv></attr><attr><attrlabl>River_Basin</attrlabl><attrdef>Text information on river basin location</attrdef><attrdefs>American Rivers</attrdefs><attrdomv><udom>Text</udom></attrdomv></attr><attr><attrlabl>STATE</attrlabl><attrdef>Two letter state postal abbreviation at dam location</attrdef><attrdefs>American Rivers</attrdefs><attrdomv><udom>Two character state code</udom></attrdomv></attr></detailed></eainfo><distinfo><distrib><cntinfo><cntorgp><cntorg>US Geological Survey - ScienceBase</cntorg></cntorgp><cntaddr><addrtype>Mailing</addrtype><address>Denver Federal Center, Building 810, Mail Stop 302</address><city>Denver</city><state>CO</state><postal>80225</postal><country>USA</country></cntaddr><cntvoice>1-888-275-8747 (1-888-ASK-USGS)</cntvoice><cntemail>sciencebase@usgs.gov</cntemail></cntinfo></distrib><distliab>Although this data set has been used by the U.S. Geological
Survey, U.S. Department of the Interior, no warranty expressed or
implied is made by the U.S. Geological Survey as to the accuracy
of the data and related materials. The act of distribution shall not 
constitute any such warranty, and no responsibility is assumed by 
the U.S. Geological Survey in the use of this data, software, or 
related materials.
Any use of trade, product, or firm names is for descriptive 
purposes only and does not imply endorsement by the U.S. 
Government.</distliab><stdorder><digform><digtinfo><formname>Tabular Digital Data Set</formname></digtinfo><digtopt><onlinopt><computer><networka><networkr>https://doi.org/10.5066/F7HQ3XS4</networkr></networka></computer></onlinopt></digtopt></digform><fees>None. This dataset is provided by USGS as a public service.</fees></stdorder></distinfo><metainfo><metd>20170918</metd><metc><cntinfo><cntperp><cntper>James Falcone</cntper><cntorg>U.S. Geological Survey</cntorg></cntperp><cntpos>Ask USGS -- Water Webserver Team</cntpos><cntaddr><addrtype>Mailing</addrtype><address>12201 Sunrise Valley Dr., MS 413</address><city>Reston</city><state>VA</state><postal>20192</postal><country>USA</country></cntaddr><cntvoice>1-888-275-8747 (1-888-ASK-USGS)</cntvoice><cntemail>https://answers.usgs.gov/</cntemail></cntinfo></metc><metstdn>FGDC Content Standard for Digital Geospatial Metadata</metstdn><metstdv>FGDC-STD-001-1998</metstdv></metainfo></metadata>