<metadata><idinfo><citation><citeinfo><origin>James A. Falcone</origin><pubdate>2017</pubdate><title>Imperviousness and Forest Canopy: U.S. Geological Survey GAGES-II time series data update</title><geoform>Comma-separated text file</geoform><onlink>https://doi.org/10.5066/F7HQ3XS4</onlink></citeinfo></citation><descript><abstract>This dataset consists of three tables with information regarding imperviousness and forest canopy for the conterminous United States sites of the U.S. Geological Survey (USGS) Geospatial Attributes of Gages for Evaluating Streamflow II (GAGES-II) dataset.  The data include variables regarding percent imperviousness from two different data sources for imperviousness, for the periods 2001-2011 and 1974-2012, respectively, and for both watershed and mainstem riparian forest canopy for 2011.</abstract><purpose>These data are intended as support for research efforts using the USGS GAGES-II sites.</purpose><supplinf>This dataset is in support of study sites in the GAGES-II dataset (Falcone, 2011) and based on the watershed boundaries published there. 
Imperviousness from the National Land Cover Dataset (NLCD) is derived primarily from remote sensing sources (Xian and others, 2011), while imperviousness from the NAWQA Wall-to-Wall Anthropogenic Landuse Trends (NWALT) dataset is derived from land use class-based coefficients (Falcone, 2017).  The NLCD imperviousness is likely to be more accurate, but is limited to the years 2001-2011, while NWALT-derived values span 1974-2012.  See supportive documentation in references. Forest canopy is given only for the year 2011.  An NLCD-based forest canopy product exists for the year 2001, but is not compatible with the 2011 data.
References:
Falcone, J.A., 2011, GAGES-II:  Geospatial Attributes of Gages for Evaluating Streamflow, U.S. Geological Survey, digital spatial data set, http://water.usgs.gov/GIS/metadata/usgswrd/XML/gagesII_Sept2011.xml.
Falcone, J.A., 2017, Coefficient-based consistent mapping of imperviousness in the conterminous U.S. at 60-m resolution for 1974, 1982, 1992, 2002, and 2012: U.S. Geological Survey data release, https://doi.org/10.5066/F72F7KMG.
Homer, C.G., Dewitz, J.A., Yang, L., Jin, S., Danielson, P., Xian, G., Coulston, J., Herold, N.D., Wickham, J.D., and Megown, K., 2015, Completion of the 2011 National Land Cover Database for the conterminous United States-Representing a decade of land cover change information. Photogrammetric Engineering and Remote Sensing, v. 81, no. 5, p. 345-354.
Xian, G., Homer, C., Dewitz, J., Fry, J., Hossain, N., and Wickham, J., 2011, The change of impervious surface area between 2001 and 2006 in the conterminous United States., Photogrammetric Engineering and Remote Sensing, Vol. 77(8): 758-762.</supplinf></descript><timeperd><timeinfo><rngdates><begdate>20010101</begdate><enddate>20121231</enddate></rngdates></timeinfo><current>observed</current></timeperd><status><progress>Complete</progress><update>As needed</update></status><spdom><bounding><westbc>-124.732770</westbc><eastbc>-66.969271</eastbc><northbc>49.371730</northbc><southbc>24.956376</southbc></bounding></spdom><keywords><theme><themekt>None</themekt><themekey>inlandWaters</themekey><themekey>GAGES-II</themekey><themekey>Imperviousness</themekey><themekey>Forest Canopy</themekey></theme><place><placekt>None</placekt><placekey>United States</placekey><placekey>Conterminous US</placekey></place></keywords><accconst>None. Please see 'Distribution Info' for details.</accconst><useconst>None</useconst><ptcontac><cntinfo><cntorgp><cntorg>U.S. Geological Survey</cntorg><cntper>James Falcone</cntper></cntorgp><cntaddr><addrtype>Mailing</addrtype><address>12201 Sunrise Valley Dr.</address><address>MS 413 National Center</address><city>Reston</city><state>VA</state><postal>20192</postal><country>USA</country></cntaddr><cntvoice>703-648-5008</cntvoice><cntemail>jfalcone@usgs.gov</cntemail></cntinfo></ptcontac><native>Environment as of Metadata Creation: Microsoft Windows 7 Version 6.1 (Build 7601) Service Pack 1; Esri ArcGIS 10.3.1 (Build 4959) Service Pack N/A (Build N/A)</native></idinfo><dataqual><attracc><attraccr>Values were spot checked against source data.</attraccr></attracc><logic>No formal logical accuracy tests were conducted.</logic><complete>Data are complete</complete><posacc><horizpa><horizpar>A formal accuracy assessment of the horizontal positional information in the data set has not been conducted.</horizpar></horizpa><vertacc><vertaccr>A formal accuracy assessment of the vertical positional information in the data set has either not been conducted, or is not applicable.</vertaccr></vertacc></posacc><lineage><srcinfo><srccite><citeinfo><origin>James A. Falcone</origin><pubdate>20111012</pubdate><title>GAGES-II: Geospatial Attributes of Gages for Evaluating Streamflow</title><geoform>Digital Data Set</geoform><pubinfo><pubplace>online</pubplace><publish>U.S. Geological Survey</publish></pubinfo><onlink>https://water.usgs.gov/GIS/metadata/usgswrd/XML/gagesII_Sept2011.xml</onlink></citeinfo></srccite><typesrc>Digital and/or Hardcopy Resources</typesrc><srctime><timeinfo><sngdate><caldate>20111012</caldate></sngdate></timeinfo><srccurr>publication date</srccurr></srctime><srccitea>Falcone, 2011</srccitea><srccontr>Sites for which these data provide updated data.</srccontr></srcinfo><srcinfo><srccite><citeinfo><origin>MRLC Consortium</origin><pubdate>20141001</pubdate><title>NLCD 2001 Percent Developed Imperviousness (2011 Edition)</title><geoform>Raster Data Set</geoform><pubinfo><pubplace>online</pubplace><publish>NLCD 2001</publish></pubinfo><onlink>https://www.mrlc.gov/nlcd01_data.php</onlink></citeinfo></srccite><typesrc>Digital and/or Hardcopy Resources</typesrc><srctime><timeinfo><rngdates><begdate>20010101</begdate><enddate>20011231</enddate></rngdates></timeinfo><srccurr>ground condition</srccurr></srctime><srccitea>NLCD 2001, Homer and others, 2007</srccitea><srccontr>NLCD 2001 dataset from which imperviousness 2001 imperviousness was derived</srccontr></srcinfo><srcinfo><srccite><citeinfo><origin>MRLC Consortium</origin><pubdate>20141001</pubdate><title>NLCD 2006 Percent Developed Imperviousness (2011 Edition)</title><geoform>Raster Data Set</geoform><pubinfo><pubplace>online</pubplace><publish>NLCD 2006</publish></pubinfo><onlink>https://www.mrlc.gov/nlcd06_data.php</onlink></citeinfo></srccite><typesrc>Digital and/or Hardcopy Resources</typesrc><srctime><timeinfo><rngdates><begdate>20060101</begdate><enddate>20061231</enddate></rngdates></timeinfo><srccurr>ground condition</srccurr></srctime><srccitea>NLCD 2006, Fry and others, 2011</srccitea><srccontr>NLCD 2006 dataset from which imperviousness 2006 imperviousness was derived</srccontr></srcinfo><srcinfo><srccite><citeinfo><origin>MRLC Consortium</origin><pubdate>20141001</pubdate><title>NLCD 2011 Percent Developed Imperviousness and NLCD 2011 USFS Tree Canopy cartographic</title><geoform>Raster Data Set</geoform><pubinfo><pubplace>online</pubplace><publish>NLCD 2011</publish></pubinfo><onlink>https://www.mrlc.gov/nlcd11_data.php</onlink></citeinfo></srccite><typesrc>Digital and/or Hardcopy Resources</typesrc><srctime><timeinfo><rngdates><begdate>20110101</begdate><enddate>20111231</enddate></rngdates></timeinfo><srccurr>ground condition</srccurr></srctime><srccitea>NLCD 2011, Xian and others, 2011; Homer and others, 2015</srccitea><srccontr>NLCD 2011 datasets from which imperviousness 2011 and forest canopy 2011 were derived</srccontr></srcinfo><srcinfo><srccite><citeinfo><origin>U.S. Geological Survey</origin><pubdate>20170301</pubdate><title>Coefficient-based consistent mapping of imperviousness in the conterminous U.S. at 60-m resolution for 1974, 1982, 1992, 2002, and 2012</title><geoform>Raster Data Set</geoform><pubinfo><pubplace>online</pubplace><publish>U.S. Geological Survey</publish></pubinfo><onlink>https://doi.org/10.5066/F72F7KMG</onlink></citeinfo></srccite><typesrc>Digital and/or Hardcopy Resources</typesrc><srctime><timeinfo><rngdates><begdate>19740101</begdate><enddate>20121231</enddate></rngdates></timeinfo><srccurr>ground condition</srccurr></srctime><srccitea>NAWQA Wall-to-wall Anthropogenic Landuse Trends (NWALT) 1974-2012</srccitea><srccontr>NWALT-derived dataset from which imperviousness 1974-2012 were derived</srccontr></srcinfo><procstep><procdesc>(1) Source data from the NLCD were downloaded (https://www.mrlc.gov/) and converted to grid format in March 2015. The source data for the NLCD are the October 2014 normalized version of data, where all years have been adjusted to agree with one another.  The values derived were for 2001, 2006, and 2011.</procdesc><procdate>20160314</procdate></procstep><procstep><procdesc>(2) Source data of imperviousness grids derived from NWALT were based on Falcone (2017).  These are values for 1974, 1982, 1992, 2002, and 2012.</procdesc><procdate>20170203</procdate></procstep><procstep><procdesc>(3) Imperviousness and watershed forest canopy are based on GAGES-II watershed boundaries published in Falcone, 2011, using the "run_zonal.aml" script developed by Curtis Price of the U.S. Geological Survey (Curtis Price, written comm., 2007).  This tool calculated zonal statistics from raster datasets.</procdesc><procdate>20170205</procdate></procstep><procstep><procdesc>(4) Mainstem riparian forest canopy was calculated by taking the mainstem stream lines published in Falcone, 2011, then buffering them by 100-meters on each side.  This created a buffer area from which average values were derived, as in Step 3.  Consistent forest canopy only exists for 2011 from the NLCD.</procdesc><procdate>20170207</procdate></procstep></lineage></dataqual><eainfo><detailed Name="imperv_NLCD_2001-2011.txt, imperv_NWALT_1974-2012.txt, forest_canopy_watershed_and_mainstem_riparian_2011.txt"><enttyp><enttypl>Attribute Table for imperviousness and forest canopy information, tables imperv_NLCD_2001-2011.txt, imperv_NWALT_1974-2012.txt, forest_canopy_watershed_and_mainstem_riparian_2011.txt</enttypl><enttypd>Data consist of comma-separated text files</enttypd><enttypds>U.S. Geological Survey</enttypds></enttyp><attr><attrlabl>STAID</attrlabl><attrdef>Unique station identification number</attrdef><attrdefs>Corresponds to unique station identifier in GAGES-II</attrdefs><attrdomv><udom>Unique identifier for site</udom></attrdomv></attr><attr><attrlabl>impervXXXX, where XXXX represents either 2001, 2006, or 2011</attrlabl><attrdef>Percent watershed imperviousness for year XXXX, from NLCD</attrdef><attrdefs>U.S. Geological Survey, NLCD</attrdefs><attrdomv><rdom><rdommin>0.00</rdommin><rdommax>67.45</rdommax><attrunit>Percent</attrunit></rdom></attrdomv></attr><attr><attrlabl>impervXXXXest, where XXXX represents either 1974, 1982, 1992, 2002, or 2012</attrlabl><attrdef>Percent watershed imperviousness for year XXXX, from NWALT-derived estimates</attrdef><attrdefs>U.S. Geological Survey, NWALT, Falcone (2017)</attrdefs><attrdomv><rdom><rdommin>0.00</rdommin><rdommax>52.18</rdommax><attrunit>Percent</attrunit></rdom></attrdomv></attr><attr><attrlabl>canopy2011</attrlabl><attrdef>Percent watershed forest canopy for 2011</attrdef><attrdefs>U.S. Geological Survey, NLCD</attrdefs><attrdomv><rdom><rdommin>0.00</rdommin><rdommax>99.46</rdommax><attrunit>Percent</attrunit></rdom></attrdomv></attr><attr><attrlabl>canopy2011_mains100</attrlabl><attrdef>Percent forest canopy in mainstem 100-meter buffer, for 2011</attrdef><attrdefs>U.S. Geological Survey, NLCD</attrdefs><attrdomv><rdom><rdommin>0.00</rdommin><rdommax>99.39</rdommax><attrunit>Percent</attrunit></rdom></attrdomv></attr></detailed></eainfo><distinfo><distrib><cntinfo><cntorgp><cntorg>US Geological Survey - ScienceBase</cntorg></cntorgp><cntaddr><addrtype>Mailing</addrtype><address>Denver Federal Center, Building 810, Mail Stop 302</address><city>Denver</city><state>CO</state><postal>80225</postal><country>USA</country></cntaddr><cntvoice>1-888-275-8747 (1-888-ASK-USGS)</cntvoice><cntemail>sciencebase@usgs.gov</cntemail></cntinfo></distrib><distliab>Although this data set has been used by the U.S. Geological
Survey, U.S. Department of the Interior, no warranty expressed or
implied is made by the U.S. Geological Survey as to the accuracy
of the data and related materials. The act of distribution shall not 
constitute any such warranty, and no responsibility is assumed by 
the U.S. Geological Survey in the use of this data, software, or 
related materials.
Any use of trade, product, or firm names is for descriptive 
purposes only and does not imply endorsement by the U.S. 
Government.</distliab><stdorder><digform><digtinfo><formname>Tabular Digital Data Set</formname></digtinfo><digtopt><onlinopt><computer><networka><networkr>https://doi.org/10.5066/F7HQ3XS4</networkr></networka></computer></onlinopt></digtopt></digform><fees>None. This dataset is provided by USGS as a public service.</fees></stdorder></distinfo><metainfo><metd>20170919</metd><metc><cntinfo><cntperp><cntper>James Falcone</cntper><cntorg>U.S. Geological Survey</cntorg></cntperp><cntpos>Ask USGS -- Water Webserver Team</cntpos><cntaddr><addrtype>Mailing</addrtype><address>12201 Sunrise Valley Dr., MS 413</address><city>Reston</city><state>VA</state><postal>20192</postal><country>USA</country></cntaddr><cntvoice>1-888-275-8747 (1-888-ASK-USGS)</cntvoice><cntemail>https://answers.usgs.gov/</cntemail></cntinfo></metc><metstdn>FGDC Content Standard for Digital Geospatial Metadata</metstdn><metstdv>FGDC-STD-001-1998</metstdv></metainfo></metadata>